exp,line,algo,instance,budget,seed,wall_s,wall_ratio,work_per_s,ls_per_s,calib,start_ts,work_per_s_rel,ls_per_s_rel,calib_rel,flag_reason,flagged,start_local
bench_core_v1,0,ortools,A-n32-k5,30,15345,29.91,0.9971,,,,,,,,,False,
bench_core_v1,1,ga_ls,A-n32-k5,30,15345,30,1,858.5,227.6,,,1.002,1.002,,,False,
bench_core_v1,2,qpso,A-n32-k5,30,15346,30,1,583.1,141.8,,,1.028,1.023,,,False,
bench_core_v1,3,pso_ls,A-n32-k5,30,15345,30,1,1252,315.6,,,0.9963,0.9965,,,False,
bench_core_v1,4,ga_ls,A-n32-k5,30,15346,30,1,877.8,232.8,,,1.025,1.025,,,False,
bench_core_v1,5,rr_ls,A-n32-k5,30,15345,30,1,1220,307.4,,,1.002,1.002,,,False,
bench_core_v1,6,sa,A-n32-k5,30,15346,30,1,1596,,,,1.01,,,,False,
bench_core_v1,7,pso_ls,A-n32-k5,30,15346,30,1,1248,314.8,,,0.9931,0.9939,,,False,
bench_core_v1,8,sa,A-n32-k5,30,15345,30,1,1583,,,,1.001,,,,False,
bench_core_v1,9,qpso,A-n32-k5,30,15345,30.02,1.001,551.3,135,,,0.9724,0.9741,,,False,
bench_core_v1,10,rr_ls,A-n32-k5,30,15346,30.01,1,1226,309,,,1.007,1.007,,,False,
bench_core_v1,11,ortools,A-n32-k5,30,15346,29.9,0.9968,,,,,,,,,False,
bench_core_v1,12,ortools,A-n32-k5,30,15347,29.9,0.9968,,,,,,,,,False,
bench_core_v1,13,ga_ls,A-n32-k5,30,15347,30,1,876.6,232.6,,,1.023,1.024,,,False,
bench_core_v1,14,qpso,A-n32-k5,30,15347,30,1,589.6,143.9,,,1.04,1.039,,,False,
bench_core_v1,15,qpso,A-n32-k5,30,15348,30,1,578.9,141.6,,,1.021,1.022,,,False,
bench_core_v1,16,pso_ls,A-n32-k5,30,15347,30,1,1290,325.2,,,1.027,1.027,,,False,
bench_core_v1,17,rr_ls,A-n32-k5,30,15347,30,1,1251,315.5,,,1.027,1.028,,,False,
bench_core_v1,18,sa,A-n32-k5,30,15347,30,1,1621,,,,1.025,,,,False,
bench_core_v1,19,pso_ls,A-n32-k5,30,15348,30,1,1315,331.6,,,1.047,1.047,,,False,
bench_core_v1,20,ga_ls,A-n32-k5,30,15348,30,1,883.8,234.3,,,1.031,1.032,,,False,
bench_core_v1,21,sa,A-n32-k5,30,15348,30,1,1635,,,,1.034,,,,False,
bench_core_v1,22,ortools,A-n32-k5,30,15348,29.91,0.9969,,,,,,,,,False,
bench_core_v1,23,rr_ls,A-n32-k5,30,15348,30,1,1252,315.5,,,1.028,1.028,,,False,
bench_core_v1,24,ortools,A-n32-k5,30,15349,29.91,0.9968,,,,,,,,,False,
bench_core_v1,25,qpso,A-n32-k5,30,15349,30,1,579.8,141.4,,,1.023,1.021,,,False,
bench_core_v1,26,ga_ls,A-n32-k5,30,15349,30,1,865.5,229.6,,,1.01,1.011,,,False,
bench_core_v1,27,rr_ls,A-n32-k5,30,15349,30,1,1252,315.5,,,1.028,1.029,,,False,
bench_core_v1,28,qpso,A-n32-k5,30,15350,30,1,574.1,139.1,,,1.013,1.004,,,False,
bench_core_v1,29,pso_ls,A-n32-k5,30,15349,30,1,1315,331.3,,,1.046,1.046,,,False,
bench_core_v1,30,sa,A-n32-k5,30,15349,30,1,1621,,,,1.025,,,,False,
bench_core_v1,31,pso_ls,A-n32-k5,30,15350,30,1,1303,328.6,,,1.037,1.037,,,False,
bench_core_v1,32,ga_ls,A-n32-k5,30,15350,30,1,879.7,233.3,,,1.027,1.027,,,False,
bench_core_v1,33,sa,A-n32-k5,30,15350,30,1,1655,,,,1.047,,,,False,
bench_core_v1,34,ortools,A-n32-k5,30,15350,29.91,0.9969,,,,,,,,,False,
bench_core_v1,35,rr_ls,A-n32-k5,30,15350,30,1,1271,320.4,,,1.044,1.044,,,False,
bench_core_v1,36,ortools,A-n32-k5,30,15351,29.91,0.9969,,,,,,,,,False,
bench_core_v1,37,qpso,A-n32-k5,30,15351,30,1,586.3,143.4,,,1.034,1.035,,,False,
bench_core_v1,38,ga_ls,A-n32-k5,30,15351,30,1,877.9,233,,,1.025,1.026,,,False,
bench_core_v1,39,sa,A-n32-k5,30,15351,30,1,1656,,,,1.048,,,,False,
bench_core_v1,40,pso_ls,A-n32-k5,30,15351,30,1,1328,335,,,1.057,1.058,,,False,
bench_core_v1,41,rr_ls,A-n32-k5,30,15351,30.01,1,1282,323.1,,,1.054,1.053,,,False,
bench_core_v1,42,qpso,A-n32-k5,30,15352,30,1,590.8,144.1,,,1.042,1.04,,,False,
bench_core_v1,43,pso_ls,A-n32-k5,30,15352,30,1,1311,330.4,,,1.043,1.043,,,False,
bench_core_v1,44,ga_ls,A-n32-k5,30,15352,30,1,862.6,228.9,,,1.007,1.008,,,False,
bench_core_v1,45,sa,A-n32-k5,30,15352,30,1,1592,,,,1.007,,,,False,
bench_core_v1,46,ortools,A-n32-k5,30,15352,29.91,0.9968,,,,,,,,,False,
bench_core_v1,47,rr_ls,A-n32-k5,30,15352,30,1,1220,307.4,,,1.002,1.002,,,False,
bench_core_v1,48,ortools,A-n32-k5,30,15353,29.91,0.9968,,,,,,,,,False,
bench_core_v1,49,qpso,A-n32-k5,30,15353,30,1,562.6,137,,,0.9924,0.9891,,,False,
bench_core_v1,50,pso_ls,A-n32-k5,30,15353,30,1,1278,322.2,,,1.017,1.017,,,False,
bench_core_v1,51,ga_ls,A-n32-k5,30,15353,30,1,861.3,228.3,,,1.005,1.005,,,False,
bench_core_v1,52,sa,A-n32-k5,30,15353,30,1,1603,,,,1.014,,,,False,
bench_core_v1,53,rr_ls,A-n32-k5,30,15353,30,1,1227,309.4,,,1.008,1.009,,,False,
bench_core_v1,54,qpso,A-n32-k5,30,15354,30.01,1,571.2,139.4,,,1.008,1.006,,,False,
bench_core_v1,55,pso_ls,A-n32-k5,30,15354,30,1,1261,317.8,,,1.004,1.003,,,False,
bench_core_v1,56,ga_ls,A-n32-k5,30,15354,30,1,860.7,228.3,,,1.005,1.005,,,False,
bench_core_v1,57,sa,A-n32-k5,30,15354,30,1,1580,,,,0.9989,,,,False,
bench_core_v1,58,ortools,A-n32-k5,30,15354,29.9,0.9968,,,,,,,,,False,
bench_core_v1,59,rr_ls,A-n32-k5,30,15354,30,1,1215,306.1,,,0.9978,0.9978,,,False,
bench_core_v1,60,ortools,A-n32-k5,30,15355,29.91,0.9969,,,,,,,,,False,
bench_core_v1,61,qpso,A-n32-k5,30,15355,30,1,571.9,139.1,,,1.009,1.004,,,False,
bench_core_v1,62,ga_ls,A-n32-k5,30,15355,30,1,847.9,224.9,,,0.9896,0.9902,,,False,
bench_core_v1,63,pso_ls,A-n32-k5,30,15355,30,1,1273,321.1,,,1.013,1.014,,,False,
bench_core_v1,64,rr_ls,A-n32-k5,30,15355,30,1,1223,308.2,,,1.004,1.005,,,False,
bench_core_v1,65,sa,A-n32-k5,30,15355,30,1,1587,,,,1.004,,,,False,
bench_core_v1,66,qpso,A-n32-k5,30,15356,30,1,585.5,142.7,,,1.033,1.03,,,False,
bench_core_v1,67,pso_ls,A-n32-k5,30,15356,30,1,1296,326.9,,,1.031,1.032,,,False,
bench_core_v1,68,ga_ls,A-n32-k5,30,15356,30,1,872,231.3,,,1.018,1.018,,,False,
bench_core_v1,69,rr_ls,A-n32-k5,30,15356,30,1,1260,317.5,,,1.035,1.035,,,False,
bench_core_v1,70,sa,A-n32-k5,30,15356,30,1,1641,,,,1.038,,,,False,
bench_core_v1,71,ortools,A-n32-k5,30,15356,29.91,0.9969,,,,,,,,,False,
bench_core_v1,72,qpso,A-n32-k5,30,15357,30,1,585.4,143.1,,,1.033,1.033,,,False,
bench_core_v1,73,pso_ls,A-n32-k5,30,15357,30,1,1352,340.7,,,1.076,1.076,,,False,
bench_core_v1,74,ga_ls,A-n32-k5,30,15357,30,1,886,235,,,1.034,1.035,,,False,
bench_core_v1,75,sa,A-n32-k5,30,15357,30,1,1631,,,,1.031,,,,False,
bench_core_v1,76,rr_ls,A-n32-k5,30,15357,30,1,1273,320.9,,,1.046,1.046,,,False,
bench_core_v1,77,ortools,A-n32-k5,30,15357,29.9,0.9967,,,,,,,,,False,
bench_core_v1,78,qpso,A-n32-k5,30,15358,30,1,578.8,140.6,,,1.021,1.015,,,False,
bench_core_v1,79,pso_ls,A-n32-k5,30,15358,30,1,1312,330.9,,,1.044,1.045,,,False,
bench_core_v1,80,ga_ls,A-n32-k5,30,15358,30,1,873.3,231.6,,,1.019,1.02,,,False,
bench_core_v1,81,sa,A-n32-k5,30,15358,30,1,1637,,,,1.035,,,,False,
bench_core_v1,82,rr_ls,A-n32-k5,30,15358,30,1,1255,316.4,,,1.031,1.032,,,False,
bench_core_v1,83,ortools,A-n32-k5,30,15358,29.91,0.9969,,,,,,,,,False,
bench_core_v1,84,qpso,A-n32-k5,30,15359,30,1,573,139.6,,,1.011,1.008,,,False,
bench_core_v1,85,pso_ls,A-n32-k5,30,15359,30,1,1305,329,,,1.039,1.039,,,False,
bench_core_v1,86,ga_ls,A-n32-k5,30,15359,30,1,881.2,233.7,,,1.029,1.029,,,False,
bench_core_v1,87,sa,A-n32-k5,30,15359,30.01,1,1635,,,,1.034,,,,False,
bench_core_v1,88,rr_ls,A-n32-k5,30,15359,30,1,1252,315.8,,,1.029,1.029,,,False,
bench_core_v1,89,ortools,A-n32-k5,30,15359,29.91,0.9968,,,,,,,,,False,
bench_core_v1,90,qpso,A-n32-k5,30,15360,30,1,562.6,136.6,,,0.9925,0.9861,,,False,
bench_core_v1,91,ga_ls,A-n32-k5,30,15360,30,1,855,226.6,,,0.998,0.9979,,,False,
bench_core_v1,92,pso_ls,A-n32-k5,30,15360,30,1,1333,336.2,,,1.061,1.062,,,False,
bench_core_v1,93,sa,A-n32-k5,30,15360,30,1,1615,,,,1.021,,,,False,
bench_core_v1,94,rr_ls,A-n32-k5,30,15360,30,1,1250,315.1,,,1.027,1.027,,,False,
bench_core_v1,95,ortools,A-n32-k5,30,15360,29.9,0.9968,,,,,,,,,False,
bench_core_v1,96,pso_ls,A-n32-k5,30,15361,30,1,1304,328.9,,,1.038,1.039,,,False,
bench_core_v1,97,ga_ls,A-n32-k5,30,15361,30,1,868.7,230.3,,,1.014,1.014,,,False,
bench_core_v1,98,qpso,A-n32-k5,30,15361,30.04,1.001,552.1,134.8,,,0.974,0.9733,,,False,
bench_core_v1,99,sa,A-n32-k5,30,15361,30,1,1527,,,,0.9659,,,,False,
bench_core_v1,100,rr_ls,A-n32-k5,30,15361,30,1,1168,294.6,,,0.9595,0.9604,,,False,
bench_core_v1,101,ortools,A-n32-k5,30,15361,29.9,0.9968,,,,,,,,,False,
bench_core_v1,102,qpso,A-n32-k5,30,15362,30,1,557.3,136.7,,,0.983,0.9867,,,False,
bench_core_v1,103,pso_ls,A-n32-k5,30,15362,30,1,1244,313.4,,,0.9899,0.9897,,,False,
bench_core_v1,104,ga_ls,A-n32-k5,30,15362,30,1,835,221.5,,,0.9745,0.9755,,,False,
bench_core_v1,105,sa,A-n32-k5,30,15362,30.01,1,1520,,,,0.961,,,,False,
bench_core_v1,106,rr_ls,A-n32-k5,30,15362,30,1,1176,296.3,,,0.9661,0.9659,,,False,
bench_core_v1,107,ortools,A-n32-k5,30,15362,29.91,0.9969,,,,,,,,,False,
bench_core_v1,108,qpso,A-n32-k5,30,15363,30,1,579.8,141.1,,,1.023,1.018,,,False,
bench_core_v1,109,pso_ls,A-n32-k5,30,15363,30,1,1207,304.3,,,0.9604,0.961,,,False,
bench_core_v1,110,ga_ls,A-n32-k5,30,15363,30,1,827.5,219.5,,,0.9658,0.9666,,,False,
bench_core_v1,111,sa,A-n32-k5,30,15363,30,1,1539,,,,0.9736,,,,False,
bench_core_v1,112,rr_ls,A-n32-k5,30,15363,30,1,1175,295.9,,,0.9649,0.9648,,,False,
bench_core_v1,113,ortools,A-n32-k5,30,15363,29.91,0.9969,,,,,,,,,False,
bench_core_v1,114,qpso,A-n32-k5,30,15364,30,1,548.9,133.5,,,0.9682,0.9638,,,False,
bench_core_v1,115,pso_ls,A-n32-k5,30,15364,30,1,1220,307.4,,,0.9708,0.9706,,,False,
bench_core_v1,116,ga_ls,A-n32-k5,30,15364,30,1,821,217.8,,,0.9583,0.9591,,,False,
bench_core_v1,117,sa,A-n32-k5,30,15364,30.01,1,1528,,,,0.9665,,,,False,
bench_core_v1,118,rr_ls,A-n32-k5,30,15364,30,1,1184,298.4,,,0.9726,0.9727,,,False,
bench_core_v1,119,ortools,A-n32-k5,30,15364,29.91,0.9969,,,,,,,,,False,
bench_core_v1,120,qpso,A-n32-k5,30,15365,30,1,558.8,136.3,,,0.9857,0.9841,,,False,
bench_core_v1,121,pso_ls,A-n32-k5,30,15365,30,1,1137,286.6,,,0.905,0.9049,,,False,
bench_core_v1,122,ga_ls,A-n32-k5,30,15365,30,1,765.5,203,,,0.8935,0.894,,,False,
bench_core_v1,123,sa,A-n32-k5,30,15365,30,1,1421,,,,0.8986,,,,False,
bench_core_v1,124,ortools,A-n32-k5,30,15365,29.9,0.9968,,,,,,,,,False,
bench_core_v1,125,rr_ls,A-n32-k5,30,15365,30,1,1103,278.1,,,0.9058,0.9065,,,False,
bench_core_v1,126,qpso,A-n32-k5,30,15366,30,1,519.8,126.9,,,0.9169,0.9161,,,False,
bench_core_v1,127,pso_ls,A-n32-k5,30,15366,30,1,1181,297.7,,,0.94,0.9399,,,False,
bench_core_v1,128,ga_ls,A-n32-k5,30,15366,30,1,787.9,209.1,,,0.9196,0.9207,,,False,
bench_core_v1,129,sa,A-n32-k5,30,15366,30,1,1438,,,,0.9096,,,,False,
bench_core_v1,130,rr_ls,A-n32-k5,30,15366,30,1,1098,276.8,,,0.9024,0.9022,,,False,
bench_core_v1,131,ortools,A-n32-k5,30,15366,29.91,0.9969,,,,,,,,,False,
bench_core_v1,132,qpso,A-n32-k5,30,15367,30.01,1,500.1,121.2,,,0.8821,0.8747,,,False,
bench_core_v1,133,pso_ls,A-n32-k5,30,15367,30,1,1097,276.7,,,0.8732,0.8738,,,False,
bench_core_v1,134,ga_ls,A-n32-k5,30,15367,30,1,730.8,193.6,,,0.853,0.8524,,,False,
bench_core_v1,135,rr_ls,A-n32-k5,30,15367,30.01,1,1034,260.8,,,0.8498,0.8502,,,False,
bench_core_v1,136,sa,A-n32-k5,30,15367,30,1,1320,,,,0.8351,,,,False,
bench_core_v1,137,ortools,A-n32-k5,30,15367,29.91,0.9969,,,,,,,,,False,
bench_core_v1,138,qpso,A-n32-k5,30,15368,30.01,1,479.6,117.5,,,0.8459,0.8479,,,False,
bench_core_v1,139,pso_ls,A-n32-k5,30,15368,30,1,1079,271.9,,,0.8583,0.8586,,,False,
bench_core_v1,140,ga_ls,A-n32-k5,30,15368,30,1,729.7,193.6,,,0.8517,0.8524,,,False,
bench_core_v1,141,sa,A-n32-k5,30,15368,30,1,1315,,,,0.8316,,,,False,
bench_core_v1,142,rr_ls,A-n32-k5,30,15368,30,1,1027,258.9,,,0.8437,0.844,,,False,
bench_core_v1,143,ortools,A-n32-k5,30,15368,29.91,0.997,,,,,,,,,False,
bench_core_v1,144,qpso,A-n32-k5,30,15369,30,1,555.7,135.5,,,0.9802,0.9777,,,False,
bench_core_v1,145,pso_ls,A-n32-k5,30,15369,30,1,1233,310.8,,,0.9814,0.9814,,,False,
bench_core_v1,146,ga_ls,A-n32-k5,30,15369,30,1,824.6,218.5,,,0.9624,0.9624,,,False,
bench_core_v1,147,sa,A-n32-k5,30,15369,30,1,1545,,,,0.9774,,,,False,
bench_core_v1,148,rr_ls,A-n32-k5,30,15369,30,1,1200,302.3,,,0.9855,0.9856,,,False,
bench_core_v1,149,ortools,A-n32-k5,30,15369,29.9,0.9968,,,,,,,,,False,
bench_core_v1,150,qpso,A-n32-k5,30,15370,30,1,576.2,140.9,,,1.016,1.017,,,False,
bench_core_v1,151,pso_ls,A-n32-k5,30,15370,30,1,1244,313.5,,,0.9899,0.9899,,,False,
bench_core_v1,152,ga_ls,A-n32-k5,30,15370,30,1,848,224.9,,,0.9897,0.9902,,,False,
bench_core_v1,153,sa,A-n32-k5,30,15370,30,1,1572,,,,0.9943,,,,False,
bench_core_v1,154,rr_ls,A-n32-k5,30,15370,30,1,1201,302.7,,,0.9867,0.9867,,,False,
bench_core_v1,155,ortools,A-n32-k5,30,15370,29.9,0.9968,,,,,,,,,False,
bench_core_v1,156,qpso,A-n32-k5,30,15371,30,1,562,138,,,0.9913,0.9963,,,False,
bench_core_v1,157,pso_ls,A-n32-k5,30,15371,30,1,1219,307.1,,,0.9697,0.9697,,,False,
bench_core_v1,158,ga_ls,A-n32-k5,30,15371,30,1,829.7,220,,,0.9684,0.9688,,,False,
bench_core_v1,159,sa,A-n32-k5,30,15371,30,1,1543,,,,0.9757,,,,False,
bench_core_v1,160,rr_ls,A-n32-k5,30,15371,30,1,1197,301.8,,,0.9836,0.9839,,,False,
bench_core_v1,161,ortools,A-n32-k5,30,15371,29.9,0.9968,,,,,,,,,False,
bench_core_v1,162,qpso,A-n32-k5,30,15372,30,1,558.2,136.4,,,0.9847,0.9842,,,False,
bench_core_v1,163,pso_ls,A-n32-k5,30,15372,30,1,1252,315.5,,,0.9963,0.9963,,,False,
bench_core_v1,164,ga_ls,A-n32-k5,30,15372,30,1,833.5,221.1,,,0.9728,0.9737,,,False,
bench_core_v1,165,sa,A-n32-k5,30,15372,30,1,1471,,,,0.9301,,,,False,
bench_core_v1,166,rr_ls,A-n32-k5,30,15372,30,1,1124,283.5,,,0.9236,0.9242,,,False,
bench_core_v1,167,ortools,A-n32-k5,30,15372,29.9,0.9967,,,,,,,,,False,
bench_core_v1,168,qpso,A-n32-k5,30,15373,30,1,551.6,134.6,,,0.9729,0.9717,,,False,
bench_core_v1,169,pso_ls,A-n32-k5,30,15373,30,1,1163,293.3,,,0.9252,0.9259,,,False,
bench_core_v1,170,ga_ls,A-n32-k5,30,15373,30,1,787.2,208.7,,,0.9188,0.9191,,,False,
bench_core_v1,171,sa,A-n32-k5,30,15373,30,1,1465,,,,0.9263,,,,False,
bench_core_v1,172,rr_ls,A-n32-k5,30,15373,30,1,1133,285.8,,,0.931,0.9316,,,False,
bench_core_v1,173,ortools,A-n32-k5,30,15373,29.91,0.9968,,,,,,,,,False,
bench_core_v1,174,qpso,A-n32-k5,30,15374,30,1,544.6,133,,,0.9606,0.9599,,,False,
bench_core_v1,175,pso_ls,A-n32-k5,30,15374,30,1,1181,297.8,,,0.94,0.9402,,,False,
bench_core_v1,176,ga_ls,A-n32-k5,30,15374,30,1,795.5,210.9,,,0.9285,0.9288,,,False,
bench_core_v1,177,sa,A-n32-k5,30,15374,30,1,1484,,,,0.9385,,,,False,
bench_core_v1,178,rr_ls,A-n32-k5,30,15374,30,1,1131,285.1,,,0.9288,0.9293,,,False,
bench_core_v1,179,ortools,A-n32-k5,30,15374,29.91,0.9968,,,,,,,,,False,
bench_core_v1,180,qpso,A-n63-k9,30,17345,30,1,184.7,44.66,,,0.9813,0.9711,,,False,
bench_core_v1,181,pso_ls,A-n63-k9,30,17345,30,1,536.5,135,,,0.9709,0.9719,,,False,
bench_core_v1,182,ga_ls,A-n63-k9,30,17345,30,1,555.2,147.1,,,0.9944,0.9943,,,False,
bench_core_v1,183,sa,A-n63-k9,30,17345,30,1,1036,,,,1.004,,,,False,
bench_core_v1,184,rr_ls,A-n63-k9,30,17345,30,1,548,137.8,,,0.9952,0.9937,,,False,
bench_core_v1,185,ortools,A-n63-k9,30,17345,29.91,0.9969,,,,,,,,,False,
bench_core_v1,186,qpso,A-n63-k9,30,17346,30,1,186,45.59,,,0.9883,0.9914,,,False,
bench_core_v1,187,pso_ls,A-n63-k9,30,17346,30,1,611.7,153.9,,,1.107,1.107,,,False,
bench_core_v1,188,ga_ls,A-n63-k9,30,17346,30,1,590.3,156.6,,,1.057,1.058,,,False,
bench_core_v1,189,sa,A-n63-k9,30,17346,30,1,1105,,,,1.071,,,,False,
bench_core_v1,190,rr_ls,A-n63-k9,30,17346,30,1,583.7,146.8,,,1.06,1.059,,,False,
bench_core_v1,191,ortools,A-n63-k9,30,17346,29.9,0.9968,,,,,,,,,False,
bench_core_v1,192,qpso,A-n63-k9,30,17347,30.01,1,207.6,50.84,,,1.103,1.105,,,False,
bench_core_v1,193,pso_ls,A-n63-k9,30,17347,30,1,574.8,144.8,,,1.04,1.042,,,False,
bench_core_v1,194,ga_ls,A-n63-k9,30,17347,30,1,603.4,159.9,,,1.081,1.081,,,False,
bench_core_v1,195,sa,A-n63-k9,30,17347,30,1,1095,,,,1.061,,,,False,
bench_core_v1,196,rr_ls,A-n63-k9,30,17347,30,1,586.6,147.7,,,1.065,1.065,,,False,
bench_core_v1,197,ortools,A-n63-k9,30,17347,29.9,0.9968,,,,,,,,,False,
bench_core_v1,198,qpso,A-n63-k9,30,17348,30.01,1,205.1,49.79,,,1.09,1.083,,,False,
bench_core_v1,199,pso_ls,A-n63-k9,30,17348,30.01,1,591.9,148.8,,,1.071,1.071,,,False,
bench_core_v1,200,ga_ls,A-n63-k9,30,17348,30,1,601.7,159.2,,,1.077,1.076,,,False,
bench_core_v1,201,sa,A-n63-k9,30,17348,30,1,1095,,,,1.061,,,,False,
bench_core_v1,202,rr_ls,A-n63-k9,30,17348,30,1,584.2,147.1,,,1.061,1.061,,,False,
bench_core_v1,203,ortools,A-n63-k9,30,17348,29.91,0.9968,,,,,,,,,False,
bench_core_v1,204,qpso,A-n63-k9,30,17349,30,1,221.2,53.09,,,1.175,1.154,,,False,
bench_core_v1,205,pso_ls,A-n63-k9,30,17349,30.01,1,586,147.4,,,1.061,1.061,,,False,
bench_core_v1,206,ga_ls,A-n63-k9,30,17349,30,1,589.1,156.2,,,1.055,1.056,,,False,
bench_core_v1,207,sa,A-n63-k9,30,17349,30,1,1088,,,,1.055,,,,False,
bench_core_v1,208,rr_ls,A-n63-k9,30,17349,30,1,582.6,146.7,,,1.058,1.058,,,False,
bench_core_v1,209,ortools,A-n63-k9,30,17349,29.9,0.9968,,,,,,,,,False,
bench_core_v1,210,qpso,A-n63-k9,30,17350,30.01,1,180.7,44.02,,,0.9604,0.9572,,,False,
bench_core_v1,211,pso_ls,A-n63-k9,30,17350,30.01,1,633.2,159.3,,,1.146,1.147,,,False,
bench_core_v1,212,ga_ls,A-n63-k9,30,17350,30.01,1,622.5,164.9,,,1.115,1.115,,,False,
bench_core_v1,213,sa,A-n63-k9,30,17350,30.01,1,1143,,,,1.108,,,,False,
bench_core_v1,214,rr_ls,A-n63-k9,30,17350,30,1,605.3,152.4,,,1.099,1.099,,,False,
bench_core_v1,215,ortools,A-n63-k9,30,17350,29.9,0.9968,,,,,,,,,False,
bench_core_v1,216,qpso,A-n63-k9,30,17351,30,1,246.4,60.26,,,1.309,1.31,,,False,
bench_core_v1,217,pso_ls,A-n63-k9,30,17351,30,1,594.6,149.5,,,1.076,1.076,,,False,
bench_core_v1,218,ga_ls,A-n63-k9,30,17351,30.01,1,628,166.3,,,1.125,1.124,,,False,
bench_core_v1,219,sa,A-n63-k9,30,17351,30.01,1,1142,,,,1.107,,,,False,
bench_core_v1,220,rr_ls,A-n63-k9,30,17351,30,1,583.8,146.8,,,1.06,1.059,,,False,
bench_core_v1,221,ortools,A-n63-k9,30,17351,29.91,0.9969,,,,,,,,,False,
bench_core_v1,222,qpso,A-n63-k9,30,17352,30,1,224.9,54.86,,,1.195,1.193,,,False,
bench_core_v1,223,pso_ls,A-n63-k9,30,17352,30.01,1,609.2,153.4,,,1.103,1.104,,,False,
bench_core_v1,224,ga_ls,A-n63-k9,30,17352,30,1,601.7,159.4,,,1.078,1.077,,,False,
bench_core_v1,225,sa,A-n63-k9,30,17352,30,1,1089,,,,1.055,,,,False,
bench_core_v1,226,rr_ls,A-n63-k9,30,17352,30,1,586.6,147.7,,,1.065,1.065,,,False,
bench_core_v1,227,ortools,A-n63-k9,30,17352,29.9,0.9968,,,,,,,,,False,
bench_core_v1,228,qpso,A-n63-k9,30,17353,30.01,1,189.3,46.22,,,1.006,1.005,,,False,
bench_core_v1,229,pso_ls,A-n63-k9,30,17353,30.01,1,557.2,140.1,,,1.009,1.008,,,False,
bench_core_v1,230,ga_ls,A-n63-k9,30,17353,30.01,1,603.1,159.9,,,1.08,1.081,,,False,
bench_core_v1,231,sa,A-n63-k9,30,17353,30,1,1129,,,,1.094,,,,False,
bench_core_v1,232,rr_ls,A-n63-k9,30,17353,30,1,599.1,150.8,,,1.088,1.088,,,False,
bench_core_v1,233,ortools,A-n63-k9,30,17353,29.91,0.9969,,,,,,,,,False,
bench_core_v1,234,qpso,A-n63-k9,30,17354,30,1,220.6,53.56,,,1.172,1.165,,,False,
bench_core_v1,235,pso_ls,A-n63-k9,30,17354,30,1,594.5,149.5,,,1.076,1.076,,,False,
bench_core_v1,236,ga_ls,A-n63-k9,30,17354,30,1,613.8,162.6,,,1.099,1.099,,,False,
bench_core_v1,237,sa,A-n63-k9,30,17354,30,1,1127,,,,1.092,,,,False,
bench_core_v1,238,rr_ls,A-n63-k9,30,17354,30,1,597.3,150.5,,,1.085,1.085,,,False,
bench_core_v1,239,ortools,A-n63-k9,30,17354,29.91,0.9969,,,,,,,,,False,
bench_core_v1,240,qpso,A-n63-k9,30,17355,30,1,245.7,60.26,,,1.306,1.31,,,False,
bench_core_v1,241,pso_ls,A-n63-k9,30,17355,30,1,593.3,149.5,,,1.074,1.076,,,False,
bench_core_v1,242,ga_ls,A-n63-k9,30,17355,30,1,536.6,142.1,,,0.961,0.9603,,,False,
bench_core_v1,243,sa,A-n63-k9,30,17355,30,1,982,,,,0.9517,,,,False,
bench_core_v1,244,rr_ls,A-n63-k9,30,17355,30,1,519.9,130.7,,,0.9443,0.9427,,,False,
bench_core_v1,245,ortools,A-n63-k9,30,17355,29.91,0.9969,,,,,,,,,False,
bench_core_v1,246,qpso,A-n63-k9,30,17356,30,1,167.9,40.76,,,0.8921,0.8863,,,False,
bench_core_v1,247,pso_ls,A-n63-k9,30,17356,30,1,525.4,132.3,,,0.9509,0.9525,,,False,
bench_core_v1,248,ga_ls,A-n63-k9,30,17356,30.01,1,530.8,140.7,,,0.9505,0.951,,,False,
bench_core_v1,249,sa,A-n63-k9,30,17356,30.01,1,971.1,,,,0.9412,,,,False,
bench_core_v1,250,rr_ls,A-n63-k9,30,17356,30,1,519.7,130.6,,,0.9439,0.942,,,False,
bench_core_v1,251,ortools,A-n63-k9,30,17356,29.9,0.9968,,,,,,,,,False,
bench_core_v1,252,qpso,A-n63-k9,30,17357,30,1,184.1,45.33,,,0.9783,0.9856,,,False,
bench_core_v1,253,pso_ls,A-n63-k9,30,17357,30,1,545.3,137.2,,,0.9868,0.9879,,,False,
bench_core_v1,254,ga_ls,A-n63-k9,30,17357,30,1,595.3,157.7,,,1.066,1.066,,,False,
bench_core_v1,255,sa,A-n63-k9,30,17357,30,1,1082,,,,1.049,,,,False,
bench_core_v1,256,rr_ls,A-n63-k9,30,17357,30,1,574.6,144.5,,,1.044,1.042,,,False,
bench_core_v1,257,ortools,A-n63-k9,30,17357,29.91,0.9969,,,,,,,,,False,
bench_core_v1,258,qpso,A-n63-k9,30,17358,30,1,209.8,51.43,,,1.115,1.118,,,False,
bench_core_v1,259,pso_ls,A-n63-k9,30,17358,30,1,584,147.1,,,1.057,1.059,,,False,
bench_core_v1,260,ga_ls,A-n63-k9,30,17358,30,1,583.9,154.7,,,1.046,1.046,,,False,
bench_core_v1,261,sa,A-n63-k9,30,17358,30,1,1079,,,,1.046,,,,False,
bench_core_v1,262,rr_ls,A-n63-k9,30,17358,30,1,577.2,145.1,,,1.048,1.047,,,False,
bench_core_v1,263,ortools,A-n63-k9,30,17358,29.91,0.9969,,,,,,,,,False,
bench_core_v1,264,qpso,A-n63-k9,30,17359,30,1,166.8,40.39,,,0.8863,0.8783,,,False,
bench_core_v1,265,pso_ls,A-n63-k9,30,17359,30.01,1,570.5,143.5,,,1.033,1.033,,,False,
bench_core_v1,266,ga_ls,A-n63-k9,30,17359,30,1,561.5,148.8,,,1.006,1.006,,,False,
bench_core_v1,267,rr_ls,A-n63-k9,30,17359,30,1,549.3,138.3,,,0.9976,0.9972,,,False,
bench_core_v1,268,sa,A-n63-k9,30,17359,30,1,1026,,,,0.9942,,,,False,
bench_core_v1,269,ortools,A-n63-k9,30,17359,29.9,0.9968,,,,,,,,,False,
bench_core_v1,270,qpso,A-n63-k9,30,17360,30,1,217.8,53.53,,,1.157,1.164,,,False,
bench_core_v1,271,ga_ls,A-n63-k9,30,17360,30,1,542,143.4,,,0.9706,0.9693,,,False,
bench_core_v1,272,pso_ls,A-n63-k9,30,17360,30,1,553.1,139,,,1.001,1.001,,,False,
bench_core_v1,273,sa,A-n63-k9,30,17360,30,1,1021,,,,0.9892,,,,False,
bench_core_v1,274,rr_ls,A-n63-k9,30,17360,30.01,1,553.2,139.1,,,1.005,1.003,,,False,
bench_core_v1,275,ortools,A-n63-k9,30,17360,29.91,0.997,,,,,,,,,False,
bench_core_v1,276,qpso,A-n63-k9,30,17361,30,1,184.6,45.33,,,0.9812,0.9856,,,False,
bench_core_v1,277,pso_ls,A-n63-k9,30,17361,30,1,562.6,141.7,,,1.018,1.02,,,False,
bench_core_v1,278,ga_ls,A-n63-k9,30,17361,30.01,1,554.2,146.8,,,0.9925,0.992,,,False,
bench_core_v1,279,sa,A-n63-k9,30,17361,30,1,1030,,,,0.9981,,,,False,
bench_core_v1,280,rr_ls,A-n63-k9,30,17361,30.01,1,549.2,138.2,,,0.9975,0.9964,,,False,
bench_core_v1,281,ortools,A-n63-k9,30,17361,29.92,0.9973,,,,,,,,,False,
bench_core_v1,282,qpso,A-n63-k9,30,17362,30,1,209.7,51.03,,,1.115,1.109,,,False,
bench_core_v1,283,pso_ls,A-n63-k9,30,17362,30,1,551.9,138.8,,,0.9989,0.9992,,,False,
bench_core_v1,284,ga_ls,A-n63-k9,30,17362,30,1,562.1,148.8,,,1.007,1.006,,,False,
bench_core_v1,285,sa,A-n63-k9,30,17362,30,1,1034,,,,1.002,,,,False,
bench_core_v1,286,rr_ls,A-n63-k9,30,17362,30,1,484.7,121.9,,,0.8803,0.879,,,False,
bench_core_v1,287,ortools,A-n63-k9,30,17362,29.91,0.9968,,,,,,,,,False,
bench_core_v1,288,qpso,A-n63-k9,30,17363,30,1,214.6,52.23,,,1.14,1.136,,,False,
bench_core_v1,289,pso_ls,A-n63-k9,30,17363,30,1,507.9,127.6,,,0.9193,0.9183,,,False,
bench_core_v1,290,ga_ls,A-n63-k9,30,17363,30,1,486.4,128.9,,,0.8711,0.871,,,False,
bench_core_v1,291,sa,A-n63-k9,30,17363,30,1,889,,,,0.8616,,,,False,
bench_core_v1,292,rr_ls,A-n63-k9,30,17363,30,1,484,121.6,,,0.879,0.8769,,,False,
bench_core_v1,293,ortools,A-n63-k9,30,17363,29.91,0.9968,,,,,,,,,False,
bench_core_v1,294,qpso,A-n63-k9,30,17364,30,1,196.1,48.16,,,1.042,1.047,,,False,
bench_core_v1,295,pso_ls,A-n63-k9,30,17364,30.01,1,470.6,118.4,,,0.8517,0.8523,,,False,
bench_core_v1,296,ga_ls,A-n63-k9,30,17364,30,1,490.3,130,,,0.878,0.8783,,,False,
bench_core_v1,297,sa,A-n63-k9,30,17364,30,1,941,,,,0.9119,,,,False,
bench_core_v1,298,rr_ls,A-n63-k9,30,17364,30,1,508,127.8,,,0.9226,0.9218,,,False,
bench_core_v1,299,ortools,A-n63-k9,30,17364,29.9,0.9968,,,,,,,,,False,
bench_core_v1,300,qpso,A-n63-k9,30,17365,30,1,176.2,42.43,,,0.9362,0.9225,,,False,
bench_core_v1,301,pso_ls,A-n63-k9,30,17365,30.01,1,515.9,129.7,,,0.9337,0.9336,,,False,
bench_core_v1,302,ga_ls,A-n63-k9,30,17365,30,1,517.8,137,,,0.9273,0.9261,,,False,
bench_core_v1,303,sa,A-n63-k9,30,17365,30,1,950.1,,,,0.9208,,,,False,
bench_core_v1,304,rr_ls,A-n63-k9,30,17365,30,1,512.6,129,,,0.931,0.93,,,False,
bench_core_v1,305,ortools,A-n63-k9,30,17365,29.9,0.9968,,,,,,,,,False,
bench_core_v1,306,qpso,A-n63-k9,30,17366,30,1,155.5,37.66,,,0.8266,0.8189,,,False,
bench_core_v1,307,pso_ls,A-n63-k9,30,17366,30,1,513.3,129.3,,,0.929,0.9304,,,False,
bench_core_v1,308,ga_ls,A-n63-k9,30,17366,30,1,591.7,156.9,,,1.06,1.06,,,False,
bench_core_v1,309,sa,A-n63-k9,30,17366,30,1,1078,,,,1.045,,,,False,
bench_core_v1,310,rr_ls,A-n63-k9,30,17366,30,1,575.9,145.1,,,1.046,1.046,,,False,
bench_core_v1,311,ortools,A-n63-k9,30,17366,29.9,0.9968,,,,,,,,,False,
bench_core_v1,312,qpso,A-n63-k9,30,17367,30,1,186.2,45.43,,,0.9893,0.9877,,,False,
bench_core_v1,313,pso_ls,A-n63-k9,30,17367,30,1,555.6,139.7,,,1.006,1.006,,,False,
bench_core_v1,314,ga_ls,A-n63-k9,30,17367,30,1,590.3,156.6,,,1.057,1.058,,,False,
bench_core_v1,315,sa,A-n63-k9,30,17367,30,1,1078,,,,1.045,,,,False,
bench_core_v1,316,rr_ls,A-n63-k9,30,17367,30,1,570.5,143.4,,,1.036,1.034,,,False,
bench_core_v1,317,ortools,A-n63-k9,30,17367,29.9,0.9968,,,,,,,,,False,
bench_core_v1,318,qpso,A-n63-k9,30,17368,30.01,1,210.8,51.79,,,1.12,1.126,,,False,
bench_core_v1,319,pso_ls,A-n63-k9,30,17368,30,1,475.9,119.5,,,0.8614,0.8605,,,False,
bench_core_v1,320,ga_ls,A-n63-k9,30,17368,30,1,504.6,133.7,,,0.9036,0.9033,,,False,
bench_core_v1,321,sa,A-n63-k9,30,17368,30,1,918.2,,,,0.8899,,,,False,
bench_core_v1,322,rr_ls,A-n63-k9,30,17368,30,1,493.3,123.9,,,0.8959,0.8936,,,False,
bench_core_v1,323,ortools,A-n63-k9,30,17368,29.91,0.9969,,,,,,,,,False,
bench_core_v1,324,qpso,A-n63-k9,30,17369,30.01,1,187.1,45.76,,,0.9941,0.995,,,False,
bench_core_v1,325,pso_ls,A-n63-k9,30,17369,30.01,1,486.6,122.5,,,0.8806,0.8816,,,False,
bench_core_v1,326,ga_ls,A-n63-k9,30,17369,30,1,507,134.3,,,0.9079,0.9078,,,False,
bench_core_v1,327,rr_ls,A-n63-k9,30,17369,30,1,494.6,124.2,,,0.8983,0.896,,,False,
bench_core_v1,328,sa,A-n63-k9,30,17369,30,1,914.6,,,,0.8864,,,,False,
bench_core_v1,329,ortools,A-n63-k9,30,17369,29.91,0.9969,,,,,,,,,False,
bench_core_v1,330,qpso,A-n63-k9,30,17370,30,1,176.5,43.06,,,0.938,0.9363,,,False,
bench_core_v1,331,pso_ls,A-n63-k9,30,17370,30,1,538.1,135.4,,,0.9738,0.9742,,,False,
bench_core_v1,332,ga_ls,A-n63-k9,30,17370,30,1,546,144.5,,,0.9778,0.9765,,,False,
bench_core_v1,333,sa,A-n63-k9,30,17370,30,1,991.1,,,,0.9605,,,,False,
bench_core_v1,334,rr_ls,A-n63-k9,30,17370,30.01,1,533.2,134,,,0.9684,0.9664,,,False,
bench_core_v1,335,ortools,A-n63-k9,30,17370,29.91,0.9969,,,,,,,,,False,
bench_core_v1,336,qpso,A-n63-k9,30,17371,30,1,153.1,37.59,,,0.8135,0.8174,,,False,
bench_core_v1,337,pso_ls,A-n63-k9,30,17371,30.01,1,546.6,137.5,,,0.9892,0.99,,,False,
bench_core_v1,338,ga_ls,A-n63-k9,30,17371,30,1,545.9,144.4,,,0.9777,0.9762,,,False,
bench_core_v1,339,rr_ls,A-n63-k9,30,17371,30,1,537.5,135.4,,,0.9762,0.9762,,,False,
bench_core_v1,340,sa,A-n63-k9,30,17371,30,1,997.5,,,,0.9667,,,,False,
bench_core_v1,341,ortools,A-n63-k9,30,17371,29.91,0.9969,,,,,,,,,False,
bench_core_v1,342,qpso,A-n63-k9,30,17372,30.01,1,200.2,48.82,,,1.064,1.062,,,False,
bench_core_v1,343,pso_ls,A-n63-k9,30,17372,30,1,519.9,130.9,,,0.941,0.9423,,,False,
bench_core_v1,344,ga_ls,A-n63-k9,30,17372,30.01,1,540.5,143.1,,,0.968,0.967,,,False,
bench_core_v1,345,sa,A-n63-k9,30,17372,30,1,990,,,,0.9595,,,,False,
bench_core_v1,346,rr_ls,A-n63-k9,30,17372,30,1,517.3,130.2,,,0.9395,0.9391,,,False,
bench_core_v1,347,ortools,A-n63-k9,30,17372,29.91,0.9968,,,,,,,,,False,
bench_core_v1,348,qpso,A-n63-k9,30,17373,30,1,177.8,43.8,,,0.9447,0.9523,,,False,
bench_core_v1,349,pso_ls,A-n63-k9,30,17373,30,1,505.3,127.2,,,0.9145,0.9154,,,False,
bench_core_v1,350,sa,A-n63-k9,30,17373,30,1,992.8,,,,0.9621,,,,False,
bench_core_v1,351,ga_ls,A-n63-k9,30,17373,30,1,535.4,141.8,,,0.9588,0.958,,,False,
bench_core_v1,352,rr_ls,A-n63-k9,30,17373,30,1,549.3,138,,,0.9976,0.9955,,,False,
bench_core_v1,353,ortools,A-n63-k9,30,17373,29.9,0.9968,,,,,,,,,False,
bench_core_v1,354,qpso,A-n63-k9,30,17374,30,1,178.8,43.1,,,0.9499,0.9371,,,False,
bench_core_v1,355,pso_ls,A-n63-k9,30,17374,30,1,547,137.7,,,0.99,0.991,,,False,
bench_core_v1,356,ga_ls,A-n63-k9,30,17374,30,1,551.7,146.1,,,0.9879,0.9875,,,False,
bench_core_v1,357,sa,A-n63-k9,30,17374,30,1,1001,,,,0.9703,,,,False,
bench_core_v1,358,rr_ls,A-n63-k9,30,17374,30,1,551.9,139.1,,,1.002,1.003,,,False,
bench_core_v1,359,ortools,A-n63-k9,30,17374,29.91,0.997,,,,,,,,,False,
bench_core_v1,360,qpso,A-n80-k10,30,18345,30,1,146.4,35.43,,,0.8331,0.8196,,,False,
bench_core_v1,361,pso_ls,A-n80-k10,30,18345,30,1,382.6,96.15,,,1.057,1.058,,,False,
bench_core_v1,362,ga_ls,A-n80-k10,30,18345,30,1,438.7,116.2,,,0.991,0.9914,,,False,
bench_core_v1,363,sa,A-n80-k10,30,18345,30,1,783.7,,,,0.9995,,,,False,
bench_core_v1,364,rr_ls,A-n80-k10,30,18345,30,1,372.2,93.59,,,1,1,,,False,
bench_core_v1,365,ortools,A-n80-k10,30,18345,29.91,0.9969,,,,,,,,,False,
bench_core_v1,366,qpso,A-n80-k10,30,18346,30,1,178.4,43.56,,,1.015,1.008,,,False,
bench_core_v1,367,pso_ls,A-n80-k10,30,18346,30.01,1,355.9,89.55,,,0.9834,0.985,,,False,
bench_core_v1,368,ga_ls,A-n80-k10,30,18346,30,1,440.8,116.7,,,0.9957,0.9963,,,False,
bench_core_v1,369,sa,A-n80-k10,30,18346,30,1,784.5,,,,1.001,,,,False,
bench_core_v1,370,rr_ls,A-n80-k10,30,18346,30.01,1,370.6,92.95,,,0.9959,0.9931,,,False,
bench_core_v1,371,ortools,A-n80-k10,30,18346,29.91,0.9969,,,,,,,,,False,
bench_core_v1,372,qpso,A-n80-k10,30,18347,30,1,149,36.26,,,0.8479,0.8389,,,False,
bench_core_v1,373,pso_ls,A-n80-k10,30,18347,30,1,365.6,91.92,,,1.01,1.011,,,False,
bench_core_v1,374,ga_ls,A-n80-k10,30,18347,30,1,443.4,117.5,,,1.002,1.003,,,False,
bench_core_v1,375,sa,A-n80-k10,30,18347,30,1,791,,,,1.009,,,,False,
bench_core_v1,376,rr_ls,A-n80-k10,30,18347,30,1,376,94.42,,,1.01,1.009,,,False,
bench_core_v1,377,ortools,A-n80-k10,30,18347,29.9,0.9968,,,,,,,,,False,
bench_core_v1,378,qpso,A-n80-k10,30,18348,30.01,1,181.6,44.12,,,1.033,1.021,,,False,
bench_core_v1,379,pso_ls,A-n80-k10,30,18348,30.01,1,346.6,86.88,,,0.9576,0.9556,,,False,
bench_core_v1,380,ga_ls,A-n80-k10,30,18348,30,1,452.2,119.7,,,1.021,1.022,,,False,
bench_core_v1,381,sa,A-n80-k10,30,18348,30,1,794.1,,,,1.013,,,,False,
bench_core_v1,382,rr_ls,A-n80-k10,30,18348,30,1,376,94.39,,,1.01,1.008,,,False,
bench_core_v1,383,ortools,A-n80-k10,30,18348,29.91,0.9969,,,,,,,,,False,
bench_core_v1,384,qpso,A-n80-k10,30,18349,30.01,1,174.8,43.09,,,0.9945,0.9969,,,False,
bench_core_v1,385,pso_ls,A-n80-k10,30,18349,30,1,382.6,96.08,,,1.057,1.057,,,False,
bench_core_v1,386,ga_ls,A-n80-k10,30,18349,30,1,471.2,124.6,,,1.064,1.063,,,False,
bench_core_v1,387,rr_ls,A-n80-k10,30,18349,30,1,390.6,98.25,,,1.05,1.05,,,False,
bench_core_v1,388,sa,A-n80-k10,30,18349,30,1,827.3,,,,1.055,,,,False,
bench_core_v1,389,ortools,A-n80-k10,30,18349,29.91,0.997,,,,,,,,,False,
bench_core_v1,390,qpso,A-n80-k10,30,18350,30.01,1,179.1,43.43,,,1.019,1.005,,,False,
bench_core_v1,391,pso_ls,A-n80-k10,30,18350,30.01,1,391.9,98.62,,,1.083,1.085,,,False,
bench_core_v1,392,ga_ls,A-n80-k10,30,18350,30,1,461.4,122.2,,,1.042,1.043,,,False,
bench_core_v1,393,rr_ls,A-n80-k10,30,18350,30.01,1,390.6,98.18,,,1.05,1.049,,,False,
bench_core_v1,394,sa,A-n80-k10,30,18350,30,1,825.5,,,,1.053,,,,False,
bench_core_v1,395,ortools,A-n80-k10,30,18350,29.91,0.9969,,,,,,,,,False,
bench_core_v1,396,qpso,A-n80-k10,30,18351,30,1,183.1,44.66,,,1.042,1.033,,,False,
bench_core_v1,397,pso_ls,A-n80-k10,30,18351,30.01,1,371.9,93.48,,,1.028,1.028,,,False,
bench_core_v1,398,ga_ls,A-n80-k10,30,18351,30,1,422.4,111.8,,,0.9542,0.9542,,,False,
bench_core_v1,399,sa,A-n80-k10,30,18351,30.01,1,761.3,,,,0.971,,,,False,
bench_core_v1,400,rr_ls,A-n80-k10,30,18351,30.01,1,363.9,91.25,,,0.9779,0.9749,,,False,
bench_core_v1,401,ortools,A-n80-k10,30,18351,29.91,0.9969,,,,,,,,,False,
bench_core_v1,402,qpso,A-n80-k10,30,18352,30,1,142.8,35.36,,,0.8125,0.8181,,,False,
bench_core_v1,403,pso_ls,A-n80-k10,30,18352,30,1,369.3,92.86,,,1.02,1.021,,,False,
bench_core_v1,404,ga_ls,A-n80-k10,30,18352,30.01,1,424.5,112.4,,,0.9588,0.9598,,,False,
bench_core_v1,405,sa,A-n80-k10,30,18352,30,1,755.9,,,,0.964,,,,False,
bench_core_v1,406,rr_ls,A-n80-k10,30,18352,30,1,363.1,91.26,,,0.9759,0.975,,,False,
bench_core_v1,407,ortools,A-n80-k10,30,18352,29.91,0.9969,,,,,,,,,False,
bench_core_v1,408,qpso,A-n80-k10,30,18353,30,1,184.3,44.79,,,1.049,1.036,,,False,
bench_core_v1,409,pso_ls,A-n80-k10,30,18353,30.01,1,367.9,92.45,,,1.017,1.017,,,False,
bench_core_v1,410,ga_ls,A-n80-k10,30,18353,30,1,452.2,119.9,,,1.021,1.023,,,False,
bench_core_v1,411,sa,A-n80-k10,30,18353,30,1,776.7,,,,0.9905,,,,False,
bench_core_v1,412,rr_ls,A-n80-k10,30,18353,30,1,365.3,91.69,,,0.9817,0.9797,,,False,
bench_core_v1,413,ortools,A-n80-k10,30,18353,29.9,0.9968,,,,,,,,,False,
bench_core_v1,414,qpso,A-n80-k10,30,18354,30.01,1,166.5,41.09,,,0.9474,0.9506,,,False,
bench_core_v1,415,ga_ls,A-n80-k10,30,18354,30,1,448.2,118.5,,,1.012,1.012,,,False,
bench_core_v1,416,pso_ls,A-n80-k10,30,18354,30.01,1,350.5,88.13,,,0.9685,0.9694,,,False,
bench_core_v1,417,sa,A-n80-k10,30,18354,30,1,785.9,,,,1.002,,,,False,
bench_core_v1,418,rr_ls,A-n80-k10,30,18354,30.01,1,375.9,94.35,,,1.01,1.008,,,False,
bench_core_v1,419,ortools,A-n80-k10,30,18354,29.9,0.9968,,,,,,,,,False,
bench_core_v1,420,qpso,A-n80-k10,30,18355,30.01,1,162.8,39.73,,,0.9264,0.919,,,False,
bench_core_v1,421,pso_ls,A-n80-k10,30,18355,30.01,1,363.9,91.38,,,1.005,1.005,,,False,
bench_core_v1,422,ga_ls,A-n80-k10,30,18355,30,1,457.5,121.2,,,1.033,1.034,,,False,
bench_core_v1,423,sa,A-n80-k10,30,18355,30,1,798,,,,1.018,,,,False,
bench_core_v1,424,rr_ls,A-n80-k10,30,18355,30,1,381.3,95.72,,,1.025,1.023,,,False,
bench_core_v1,425,ortools,A-n80-k10,30,18355,29.91,0.997,,,,,,,,,False,
bench_core_v1,426,qpso,A-n80-k10,30,18356,30,1,177.9,43.36,,,1.012,1.003,,,False,
bench_core_v1,427,pso_ls,A-n80-k10,30,18356,30,1,360,90.46,,,0.9946,0.995,,,False,
bench_core_v1,428,ga_ls,A-n80-k10,30,18356,30.01,1,459.4,121.5,,,1.038,1.037,,,False,
bench_core_v1,429,sa,A-n80-k10,30,18356,30,1,798.4,,,,1.018,,,,False,
bench_core_v1,430,rr_ls,A-n80-k10,30,18356,30,1,380.7,95.62,,,1.023,1.022,,,False,
bench_core_v1,431,ortools,A-n80-k10,30,18356,29.9,0.9968,,,,,,,,,False,
bench_core_v1,432,qpso,A-n80-k10,30,18357,30,1,182,44.8,,,1.036,1.036,,,False,
bench_core_v1,433,pso_ls,A-n80-k10,30,18357,30,1,371.9,93.32,,,1.028,1.026,,,False,
bench_core_v1,434,ga_ls,A-n80-k10,30,18357,30,1,462.1,122.2,,,1.044,1.043,,,False,
bench_core_v1,435,sa,A-n80-k10,30,18357,30,1,811.8,,,,1.035,,,,False,
bench_core_v1,436,rr_ls,A-n80-k10,30,18357,30.01,1,385.2,96.87,,,1.035,1.035,,,False,
bench_core_v1,437,ortools,A-n80-k10,30,18357,29.9,0.9968,,,,,,,,,False,
bench_core_v1,438,qpso,A-n80-k10,30,18358,30.01,1,180.5,44.46,,,1.027,1.029,,,False,
bench_core_v1,439,pso_ls,A-n80-k10,30,18358,30,1,393.8,98.99,,,1.088,1.089,,,False,
bench_core_v1,440,ga_ls,A-n80-k10,30,18358,30,1,451,119.5,,,1.019,1.02,,,False,
bench_core_v1,441,sa,A-n80-k10,30,18358,30,1,810.2,,,,1.033,,,,False,
bench_core_v1,442,ortools,A-n80-k10,30,18358,29.9,0.9968,,,,,,,,,False,
bench_core_v1,443,rr_ls,A-n80-k10,30,18358,30,1,375.9,94.55,,,1.01,1.01,,,False,
bench_core_v1,444,qpso,A-n80-k10,30,18359,30,1,177.6,43.39,,,1.01,1.004,,,False,
bench_core_v1,445,pso_ls,A-n80-k10,30,18359,30,1,390.6,98.29,,,1.079,1.081,,,False,
bench_core_v1,446,ga_ls,A-n80-k10,30,18359,30,1,453.4,119.8,,,1.024,1.023,,,False,
bench_core_v1,447,sa,A-n80-k10,30,18359,30,1,800.2,,,,1.021,,,,False,
bench_core_v1,448,ortools,A-n80-k10,30,18359,29.91,0.9969,,,,,,,,,False,
bench_core_v1,449,rr_ls,A-n80-k10,30,18359,30.01,1,379.9,95.35,,,1.021,1.019,,,False,
bench_core_v1,450,qpso,A-n80-k10,30,18360,30.01,1,169.6,41.82,,,0.9648,0.9675,,,False,
bench_core_v1,451,pso_ls,A-n80-k10,30,18360,30,1,366.6,92.02,,,1.013,1.012,,,False,
bench_core_v1,452,ga_ls,A-n80-k10,30,18360,30.01,1,464.6,122.9,,,1.049,1.049,,,False,
bench_core_v1,453,rr_ls,A-n80-k10,30,18360,30,1,386.2,96.96,,,1.038,1.036,,,False,
bench_core_v1,454,sa,A-n80-k10,30,18360,30.01,1,816.1,,,,1.041,,,,False,
bench_core_v1,455,ortools,A-n80-k10,30,18360,29.91,0.9969,,,,,,,,,False,
bench_core_v1,456,qpso,A-n80-k10,30,18361,30,1,176.9,43.43,,,1.006,1.005,,,False,
bench_core_v1,457,pso_ls,A-n80-k10,30,18361,30,1,378.5,94.96,,,1.046,1.044,,,False,
bench_core_v1,458,ga_ls,A-n80-k10,30,18361,30,1,461.3,122.2,,,1.042,1.043,,,False,
bench_core_v1,459,rr_ls,A-n80-k10,30,18361,30,1,388,97.52,,,1.043,1.042,,,False,
bench_core_v1,460,sa,A-n80-k10,30,18361,30,1,811.3,,,,1.035,,,,False,
bench_core_v1,461,ortools,A-n80-k10,30,18361,29.9,0.9968,,,,,,,,,False,
bench_core_v1,462,qpso,A-n80-k10,30,18362,30,1,144.6,35.03,,,0.8226,0.8104,,,False,
bench_core_v1,463,pso_ls,A-n80-k10,30,18362,30,1,334.4,83.82,,,0.924,0.9219,,,False,
bench_core_v1,464,ga_ls,A-n80-k10,30,18362,30.01,1,398.2,105.4,,,0.8994,0.8995,,,False,
bench_core_v1,465,sa,A-n80-k10,30,18362,30.01,1,710.3,,,,0.9058,,,,False,
bench_core_v1,466,rr_ls,A-n80-k10,30,18362,30,1,334.8,84.16,,,0.8997,0.8992,,,False,
bench_core_v1,467,ortools,A-n80-k10,30,18362,29.91,0.9969,,,,,,,,,False,
bench_core_v1,468,qpso,A-n80-k10,30,18363,30,1,152.3,37.73,,,0.8663,0.8728,,,False,
bench_core_v1,469,pso_ls,A-n80-k10,30,18363,30,1,347.4,87.19,,,0.9598,0.959,,,False,
bench_core_v1,470,ga_ls,A-n80-k10,30,18363,30,1,400.1,105.7,,,0.9037,0.9024,,,False,
bench_core_v1,471,sa,A-n80-k10,30,18363,30,1,701.8,,,,0.895,,,,False,
bench_core_v1,472,rr_ls,A-n80-k10,30,18363,30.01,1,338.6,85.05,,,0.9099,0.9087,,,False,
bench_core_v1,473,ortools,A-n80-k10,30,18363,29.91,0.997,,,,,,,,,False,
bench_core_v1,474,qpso,A-n80-k10,30,18364,30.01,1,147,35.69,,,0.8363,0.8257,,,False,
bench_core_v1,475,ga_ls,A-n80-k10,30,18364,30.01,1,386.9,102.3,,,0.874,0.8735,,,False,
bench_core_v1,476,pso_ls,A-n80-k10,30,18364,30.01,1,310.6,78.05,,,0.8582,0.8585,,,False,
bench_core_v1,477,sa,A-n80-k10,30,18364,30,1,693,,,,0.8839,,,,False,
bench_core_v1,478,rr_ls,A-n80-k10,30,18364,30,1,331.9,83.45,,,0.8921,0.8917,,,False,
bench_core_v1,479,ortools,A-n80-k10,30,18364,29.91,0.9969,,,,,,,,,False,
bench_core_v1,480,qpso,A-n80-k10,30,18365,30.01,1,147.1,36.23,,,0.8369,0.838,,,False,
bench_core_v1,481,pso_ls,A-n80-k10,30,18365,30,1,315.1,79.13,,,0.8707,0.8703,,,False,
bench_core_v1,482,ga_ls,A-n80-k10,30,18365,30.01,1,393.9,104.3,,,0.8898,0.8907,,,False,
bench_core_v1,483,sa,A-n80-k10,30,18365,30,1,699.9,,,,0.8926,,,,False,
bench_core_v1,484,ortools,A-n80-k10,30,18365,29.91,0.9969,,,,,,,,,False,
bench_core_v1,485,rr_ls,A-n80-k10,30,18365,30,1,372,93.39,,,0.9996,0.9978,,,False,
bench_core_v1,486,qpso,A-n80-k10,30,18366,30,1,176.7,43.69,,,1.006,1.011,,,False,
bench_core_v1,487,pso_ls,A-n80-k10,30,18366,30,1,358.6,90.02,,,0.9908,0.9902,,,False,
bench_core_v1,488,ga_ls,A-n80-k10,30,18366,30,1,429.7,113.8,,,0.9706,0.9712,,,False,
bench_core_v1,489,sa,A-n80-k10,30,18366,30,1,771.1,,,,0.9834,,,,False,
bench_core_v1,490,rr_ls,A-n80-k10,30,18366,30,1,372,93.59,,,0.9996,1,,,False,
bench_core_v1,491,ortools,A-n80-k10,30,18366,29.9,0.9968,,,,,,,,,False,
bench_core_v1,492,qpso,A-n80-k10,30,18367,30.01,1,200.4,48.86,,,1.14,1.13,,,False,
bench_core_v1,493,pso_ls,A-n80-k10,30,18367,30,1,348.5,87.52,,,0.9628,0.9627,,,False,
bench_core_v1,494,ga_ls,A-n80-k10,30,18367,30,1,443.3,117.2,,,1.001,1.001,,,False,
bench_core_v1,495,sa,A-n80-k10,30,18367,30,1,738.2,,,,0.9415,,,,False,
bench_core_v1,496,rr_ls,A-n80-k10,30,18367,30,1,353.3,88.69,,,0.9494,0.9476,,,False,
bench_core_v1,497,ortools,A-n80-k10,30,18367,29.91,0.9968,,,,,,,,,False,
bench_core_v1,498,qpso,A-n80-k10,30,18368,30,1,156.4,38.39,,,0.8898,0.8882,,,False,
bench_core_v1,499,pso_ls,A-n80-k10,30,18368,30.01,1,341.3,85.62,,,0.9429,0.9417,,,False,
bench_core_v1,500,ga_ls,A-n80-k10,30,18368,30.01,1,414.2,109.7,,,0.9356,0.9368,,,False,
bench_core_v1,501,sa,A-n80-k10,30,18368,30,1,739.5,,,,0.9431,,,,False,
bench_core_v1,502,rr_ls,A-n80-k10,30,18368,30,1,350.9,88.22,,,0.9429,0.9426,,,False,
bench_core_v1,503,ortools,A-n80-k10,30,18368,29.91,0.9969,,,,,,,,,False,
bench_core_v1,504,qpso,A-n80-k10,30,18369,30,1,145.8,35.66,,,0.8296,0.825,,,False,
bench_core_v1,505,pso_ls,A-n80-k10,30,18369,30.01,1,373.2,93.87,,,1.031,1.033,,,False,
bench_core_v1,506,ga_ls,A-n80-k10,30,18369,30,1,387.6,102.4,,,0.8756,0.8737,,,False,
bench_core_v1,507,sa,A-n80-k10,30,18369,30.01,1,705.8,,,,0.9001,,,,False,
bench_core_v1,508,rr_ls,A-n80-k10,30,18369,30.01,1,339.9,85.49,,,0.9136,0.9134,,,False,
bench_core_v1,509,ortools,A-n80-k10,30,18369,29.91,0.9968,,,,,,,,,False,
bench_core_v1,510,qpso,A-n80-k10,30,18370,30.01,1,184.4,45.06,,,1.049,1.042,,,False,
bench_core_v1,511,pso_ls,A-n80-k10,30,18370,30,1,339.9,85.19,,,0.939,0.937,,,False,
bench_core_v1,512,ga_ls,A-n80-k10,30,18370,30,1,392.7,103.9,,,0.887,0.8867,,,False,
bench_core_v1,513,sa,A-n80-k10,30,18370,30,1,702.4,,,,0.8958,,,,False,
bench_core_v1,514,rr_ls,A-n80-k10,30,18370,30,1,338.6,84.86,,,0.9099,0.9067,,,False,
bench_core_v1,515,ortools,A-n80-k10,30,18370,29.9,0.9968,,,,,,,,,False,
bench_core_v1,516,qpso,A-n80-k10,30,18371,30.01,1,166.6,40.39,,,0.9476,0.9344,,,False,
bench_core_v1,517,pso_ls,A-n80-k10,30,18371,30,1,343.1,86.19,,,0.948,0.948,,,False,
bench_core_v1,518,ga_ls,A-n80-k10,30,18371,30.01,1,412.9,109.2,,,0.9327,0.9319,,,False,
bench_core_v1,519,rr_ls,A-n80-k10,30,18371,30,1,356,89.45,,,0.9566,0.9558,,,False,
bench_core_v1,520,sa,A-n80-k10,30,18371,30,1,738.6,,,,0.942,,,,False,
bench_core_v1,521,ortools,A-n80-k10,30,18371,29.91,0.9968,,,,,,,,,False,
bench_core_v1,522,qpso,A-n80-k10,30,18372,30.01,1,164.5,40.32,,,0.936,0.9329,,,False,
bench_core_v1,523,pso_ls,A-n80-k10,30,18372,30,1,350.6,87.95,,,0.9687,0.9674,,,False,
bench_core_v1,524,ga_ls,A-n80-k10,30,18372,30,1,417.8,110.4,,,0.9438,0.9425,,,False,
bench_core_v1,525,sa,A-n80-k10,30,18372,30,1,736,,,,0.9386,,,,False,
bench_core_v1,526,rr_ls,A-n80-k10,30,18372,30,1,356,89.55,,,0.9566,0.9568,,,False,
bench_core_v1,527,ortools,A-n80-k10,30,18372,29.91,0.9968,,,,,,,,,False,
bench_core_v1,528,qpso,A-n80-k10,30,18373,30,1,180.7,44.46,,,1.028,1.029,,,False,
bench_core_v1,529,pso_ls,A-n80-k10,30,18373,30,1,373.3,93.59,,,1.031,1.029,,,False,
bench_core_v1,530,ga_ls,A-n80-k10,30,18373,30,1,442.1,117.1,,,0.9986,0.9994,,,False,
bench_core_v1,531,sa,A-n80-k10,30,18373,30,1,797.5,,,,1.017,,,,False,
bench_core_v1,532,rr_ls,A-n80-k10,30,18373,30,1,376,94.29,,,1.01,1.007,,,False,
bench_core_v1,533,ortools,A-n80-k10,30,18373,29.91,0.9968,,,,,,,,,False,
bench_core_v1,534,qpso,A-n80-k10,30,18374,30.01,1,185.6,45.49,,,1.056,1.052,,,False,
bench_core_v1,535,pso_ls,A-n80-k10,30,18374,30.01,1,351.9,88.38,,,0.9724,0.9721,,,False,
bench_core_v1,536,ga_ls,A-n80-k10,30,18374,30,1,450.6,119.2,,,1.018,1.017,,,False,
bench_core_v1,537,sa,A-n80-k10,30,18374,30,1,799.9,,,,1.02,,,,False,
bench_core_v1,538,rr_ls,A-n80-k10,30,18374,30.01,1,375.9,94.44,,,1.01,1.009,,,False,
bench_core_v1,539,ortools,A-n80-k10,30,18374,29.91,0.9969,,,,,,,,,False,
bench_core_v1,540,qpso,CMT1,30,19345,30.01,1,707.1,173.8,,,1.07,1.072,,,False,
bench_core_v1,541,pso_ls,CMT1,30,19345,30,1,657.2,165.3,,,1.061,1.06,,,False,
bench_core_v1,542,ga_ls,CMT1,30,19345,30,1,556.5,147.4,,,1.023,1.023,,,False,
bench_core_v1,543,sa,CMT1,30,19345,30,1,950,,,,1.025,,,,False,
bench_core_v1,544,rr_ls,CMT1,30,19345,30,1,634.9,159.9,,,1.054,1.055,,,False,
bench_core_v1,545,ortools,CMT1,30,19345,29.9,0.9968,,,,,,,,,False,
bench_core_v1,546,qpso,CMT1,30,19346,30,1,702.3,173,,,1.063,1.067,,,False,
bench_core_v1,547,pso_ls,CMT1,30,19346,30.01,1,658.5,166,,,1.063,1.064,,,False,
bench_core_v1,548,ga_ls,CMT1,30,19346,30,1,569.8,150.8,,,1.047,1.047,,,False,
bench_core_v1,549,sa,CMT1,30,19346,30,1,969.2,,,,1.045,,,,False,
bench_core_v1,550,rr_ls,CMT1,30,19346,30,1,654.7,164.9,,,1.087,1.088,,,False,
bench_core_v1,551,ortools,CMT1,30,19346,29.91,0.9968,,,,,,,,,False,
bench_core_v1,552,qpso,CMT1,30,19347,30,1,752.6,184.8,,,1.139,1.14,,,False,
bench_core_v1,553,pso_ls,CMT1,30,19347,30,1,679.9,171.1,,,1.097,1.097,,,False,
bench_core_v1,554,ga_ls,CMT1,30,19347,30.01,1,596.5,157.9,,,1.096,1.096,,,False,
bench_core_v1,555,sa,CMT1,30,19347,30,1,986.5,,,,1.064,,,,False,
bench_core_v1,556,rr_ls,CMT1,30,19347,30,1,659.9,166,,,1.095,1.095,,,False,
bench_core_v1,557,ortools,CMT1,30,19347,29.9,0.9968,,,,,,,,,False,
bench_core_v1,558,qpso,CMT1,30,19348,30.01,1,708.3,175,,,1.072,1.079,,,False,
bench_core_v1,559,pso_ls,CMT1,30,19348,30,1,686.7,173,,,1.108,1.109,,,False,
bench_core_v1,560,ga_ls,CMT1,30,19348,30,1,595.9,157.9,,,1.095,1.096,,,False,
bench_core_v1,561,sa,CMT1,30,19348,30,1,1031,,,,1.112,,,,False,
bench_core_v1,562,rr_ls,CMT1,30,19348,30,1,678.6,171,,,1.126,1.128,,,False,
bench_core_v1,563,ortools,CMT1,30,19348,29.91,0.9968,,,,,,,,,False,
bench_core_v1,564,qpso,CMT1,30,19349,30,1,741.1,181.4,,,1.122,1.118,,,False,
bench_core_v1,565,pso_ls,CMT1,30,19349,30,1,713.5,179.8,,,1.152,1.153,,,False,
bench_core_v1,566,ga_ls,CMT1,30,19349,30,1,600.5,159.3,,,1.104,1.105,,,False,
bench_core_v1,567,sa,CMT1,30,19349,30,1,1030,,,,1.111,,,,False,
bench_core_v1,568,rr_ls,CMT1,30,19349,30,1,681.4,171.7,,,1.131,1.133,,,False,
bench_core_v1,569,ortools,CMT1,30,19349,29.91,0.9968,,,,,,,,,False,
bench_core_v1,570,qpso,CMT1,30,19350,30,1,758.8,184.9,,,1.149,1.14,,,False,
bench_core_v1,571,pso_ls,CMT1,30,19350,30,1,699.1,176.1,,,1.128,1.129,,,False,
bench_core_v1,572,ga_ls,CMT1,30,19350,30,1,572.3,151.5,,,1.052,1.051,,,False,
bench_core_v1,573,sa,CMT1,30,19350,30,1,974.2,,,,1.051,,,,False,
bench_core_v1,574,rr_ls,CMT1,30,19350,30.01,1,642.5,161.9,,,1.066,1.068,,,False,
bench_core_v1,575,ortools,CMT1,30,19350,29.9,0.9968,,,,,,,,,False,
bench_core_v1,576,qpso,CMT1,30,19351,30,1,706.1,173.6,,,1.069,1.071,,,False,
bench_core_v1,577,pso_ls,CMT1,30,19351,30,1,687.9,173.1,,,1.11,1.109,,,False,
bench_core_v1,578,ga_ls,CMT1,30,19351,30,1,579.5,153.5,,,1.065,1.066,,,False,
bench_core_v1,579,sa,CMT1,30,19351,30,1,975.5,,,,1.052,,,,False,
bench_core_v1,580,rr_ls,CMT1,30,19351,30,1,643,162,,,1.067,1.068,,,False,
bench_core_v1,581,ortools,CMT1,30,19351,29.91,0.9969,,,,,,,,,False,
bench_core_v1,582,qpso,CMT1,30,19352,30,1,711.4,174.4,,,1.077,1.075,,,False,
bench_core_v1,583,pso_ls,CMT1,30,19352,30,1,596,150.1,,,0.9619,0.9622,,,False,
bench_core_v1,584,ga_ls,CMT1,30,19352,30,1,498.5,132,,,0.9163,0.916,,,False,
bench_core_v1,585,sa,CMT1,30,19352,30,1,835.7,,,,0.9014,,,,False,
bench_core_v1,586,rr_ls,CMT1,30,19352,30,1,561.7,141.4,,,0.9321,0.9328,,,False,
bench_core_v1,587,ortools,CMT1,30,19352,29.91,0.9969,,,,,,,,,False,
bench_core_v1,588,qpso,CMT1,30,19353,30.01,1,621.8,152.2,,,0.9412,0.9383,,,False,
bench_core_v1,589,pso_ls,CMT1,30,19353,30,1,591.9,149.1,,,0.9554,0.9561,,,False,
bench_core_v1,590,ga_ls,CMT1,30,19353,30.01,1,507.9,134.6,,,0.9336,0.9345,,,False,
bench_core_v1,591,rr_ls,CMT1,30,19353,30,1,558.6,140.5,,,0.927,0.9268,,,False,
bench_core_v1,592,sa,CMT1,30,19353,30.01,1,837.9,,,,0.9037,,,,False,
bench_core_v1,593,ortools,CMT1,30,19353,29.91,0.9969,,,,,,,,,False,
bench_core_v1,594,qpso,CMT1,30,19354,30,1,653.2,160.7,,,0.9888,0.9911,,,False,
bench_core_v1,595,pso_ls,CMT1,30,19354,30,1,619.2,155.9,,,0.9994,0.9994,,,False,
bench_core_v1,596,ga_ls,CMT1,30,19354,30.01,1,518,137.3,,,0.9522,0.9532,,,False,
bench_core_v1,597,sa,CMT1,30,19354,30.01,1,895.7,,,,0.9661,,,,False,
bench_core_v1,598,rr_ls,CMT1,30,19354,30,1,591.9,149.2,,,0.9824,0.984,,,False,
bench_core_v1,599,ortools,CMT1,30,19354,29.9,0.9968,,,,,,,,,False,
bench_core_v1,600,qpso,CMT1,30,19355,30,1,595.8,146.1,,,0.9019,0.901,,,False,
bench_core_v1,601,pso_ls,CMT1,30,19355,30,1,606.6,152.8,,,0.9791,0.9795,,,False,
bench_core_v1,602,ga_ls,CMT1,30,19355,30,1,542.4,143.7,,,0.9969,0.9977,,,False,
bench_core_v1,603,sa,CMT1,30,19355,30,1,889.9,,,,0.9599,,,,False,
bench_core_v1,604,rr_ls,CMT1,30,19355,30.01,1,593.2,149.3,,,0.9845,0.985,,,False,
bench_core_v1,605,ortools,CMT1,30,19355,29.91,0.9968,,,,,,,,,False,
bench_core_v1,606,qpso,CMT1,30,19356,30,1,596.1,145.1,,,0.9024,0.8949,,,False,
bench_core_v1,607,ga_ls,CMT1,30,19356,30,1,494.3,131,,,0.9085,0.9089,,,False,
bench_core_v1,608,pso_ls,CMT1,30,19356,30.01,1,575.9,145,,,0.9295,0.9298,,,False,
bench_core_v1,609,sa,CMT1,30,19356,30,1,845.4,,,,0.9118,,,,False,
bench_core_v1,610,rr_ls,CMT1,30,19356,30,1,562.6,141.6,,,0.9337,0.9341,,,False,
bench_core_v1,611,ortools,CMT1,30,19356,29.9,0.9968,,,,,,,,,False,
bench_core_v1,612,qpso,CMT1,30,19357,30,1,596.7,145.5,,,0.9033,0.8969,,,False,
bench_core_v1,613,pso_ls,CMT1,30,19357,30,1,581.3,146.2,,,0.9382,0.9374,,,False,
bench_core_v1,614,ga_ls,CMT1,30,19357,30,1,502.2,133,,,0.9231,0.923,,,False,
bench_core_v1,615,sa,CMT1,30,19357,30,1,838,,,,0.9038,,,,False,
bench_core_v1,616,rr_ls,CMT1,30,19357,30.01,1,565.2,142.3,,,0.938,0.939,,,False,
bench_core_v1,617,ortools,CMT1,30,19357,29.91,0.9969,,,,,,,,,False,
bench_core_v1,618,qpso,CMT1,30,19358,30,1,611.4,150.1,,,0.9255,0.9253,,,False,
bench_core_v1,619,pso_ls,CMT1,30,19358,30,1,576,144.9,,,0.9296,0.9286,,,False,
bench_core_v1,620,ga_ls,CMT1,30,19358,30.01,1,509.1,134.6,,,0.9358,0.9345,,,False,
bench_core_v1,621,sa,CMT1,30,19358,30,1,840.1,,,,0.9061,,,,False,
bench_core_v1,622,rr_ls,CMT1,30,19358,30.01,1,563.5,141.7,,,0.9352,0.9351,,,False,
bench_core_v1,623,ortools,CMT1,30,19358,29.91,0.9971,,,,,,,,,False,
bench_core_v1,624,qpso,CMT1,30,19359,30,1,590.4,145,,,0.8937,0.8939,,,False,
bench_core_v1,625,pso_ls,CMT1,30,19359,30,1,583.9,147,,,0.9425,0.9425,,,False,
bench_core_v1,626,ga_ls,CMT1,30,19359,30,1,502.4,133,,,0.9234,0.923,,,False,
bench_core_v1,627,sa,CMT1,30,19359,30,1,803.1,,,,0.8662,,,,False,
bench_core_v1,628,rr_ls,CMT1,30,19359,30,1,534.1,134.3,,,0.8864,0.8862,,,False,
bench_core_v1,629,ortools,CMT1,30,19359,29.9,0.9968,,,,,,,,,False,
bench_core_v1,630,qpso,CMT1,30,19360,30,1,571.7,140.4,,,0.8654,0.8657,,,False,
bench_core_v1,631,pso_ls,CMT1,30,19360,30,1,555.4,139.7,,,0.8964,0.8957,,,False,
bench_core_v1,632,ga_ls,CMT1,30,19360,30,1,460.4,121.9,,,0.8463,0.846,,,False,
bench_core_v1,633,sa,CMT1,30,19360,30.01,1,798.8,,,,0.8616,,,,False,
bench_core_v1,634,rr_ls,CMT1,30,19360,30,1,535.3,134.7,,,0.8884,0.8884,,,False,
bench_core_v1,635,ortools,CMT1,30,19360,29.91,0.9969,,,,,,,,,False,
bench_core_v1,636,qpso,CMT1,30,19361,30,1,575.5,141.1,,,0.8712,0.8698,,,False,
bench_core_v1,637,pso_ls,CMT1,30,19361,30,1,560,140.8,,,0.9038,0.9028,,,False,
bench_core_v1,638,ga_ls,CMT1,30,19361,30,1,480.5,127.3,,,0.8833,0.8832,,,False,
bench_core_v1,639,sa,CMT1,30,19361,30,1,806.1,,,,0.8694,,,,False,
bench_core_v1,640,rr_ls,CMT1,30,19361,30,1,534.6,134.5,,,0.8873,0.887,,,False,
bench_core_v1,641,ortools,CMT1,30,19361,29.91,0.9969,,,,,,,,,False,
bench_core_v1,642,qpso,CMT1,30,19362,30,1,591.7,144.7,,,0.8958,0.8926,,,False,
bench_core_v1,643,pso_ls,CMT1,30,19362,30,1,553.3,139.4,,,0.8931,0.8936,,,False,
bench_core_v1,644,ga_ls,CMT1,30,19362,30.01,1,474.4,125.6,,,0.872,0.8716,,,False,
bench_core_v1,645,sa,CMT1,30,19362,30,1,802.9,,,,0.866,,,,False,
bench_core_v1,646,rr_ls,CMT1,30,19362,30,1,536.3,135,,,0.89,0.8907,,,False,
bench_core_v1,647,ortools,CMT1,30,19362,29.91,0.9969,,,,,,,,,False,
bench_core_v1,648,qpso,CMT1,30,19363,30,1,602.5,147.1,,,0.912,0.9072,,,False,
bench_core_v1,649,pso_ls,CMT1,30,19363,30,1,558.6,140.7,,,0.9017,0.9021,,,False,
bench_core_v1,650,ga_ls,CMT1,30,19363,30.01,1,477.4,126.2,,,0.8775,0.8762,,,False,
bench_core_v1,651,sa,CMT1,30,19363,30,1,797.1,,,,0.8598,,,,False,
bench_core_v1,652,rr_ls,CMT1,30,19363,30,1,530.6,133.5,,,0.8806,0.881,,,False,
bench_core_v1,653,ortools,CMT1,30,19363,29.9,0.9968,,,,,,,,,False,
bench_core_v1,654,qpso,CMT1,30,19364,30,1,566.2,138.7,,,0.8571,0.8554,,,False,
bench_core_v1,655,pso_ls,CMT1,30,19364,30,1,556,139.9,,,0.8973,0.8968,,,False,
bench_core_v1,656,ga_ls,CMT1,30,19364,30,1,472.7,125.3,,,0.8689,0.8694,,,False,
bench_core_v1,657,sa,CMT1,30,19364,30,1,798.3,,,,0.8611,,,,False,
bench_core_v1,658,rr_ls,CMT1,30,19364,30,1,539.9,135.7,,,0.896,0.8953,,,False,
bench_core_v1,659,ortools,CMT1,30,19364,29.91,0.9969,,,,,,,,,False,
bench_core_v1,660,qpso,CMT1,30,19365,30,1,640.9,156.9,,,0.9701,0.9674,,,False,
bench_core_v1,661,pso_ls,CMT1,30,19365,30,1,620,156.1,,,1.001,1.001,,,False,
bench_core_v1,662,ga_ls,CMT1,30,19365,30,1,549.7,145.7,,,1.01,1.011,,,False,
bench_core_v1,663,sa,CMT1,30,19365,30,1,925.9,,,,0.9986,,,,False,
bench_core_v1,664,rr_ls,CMT1,30,19365,30,1,611.9,153.8,,,1.015,1.015,,,False,
bench_core_v1,665,ortools,CMT1,30,19365,29.91,0.9969,,,,,,,,,False,
bench_core_v1,666,qpso,CMT1,30,19366,30.01,1,688.1,168.5,,,1.042,1.039,,,False,
bench_core_v1,667,pso_ls,CMT1,30,19366,30,1,651.9,164,,,1.052,1.051,,,False,
bench_core_v1,668,ga_ls,CMT1,30,19366,30.01,1,545.7,144.4,,,1.003,1.002,,,False,
bench_core_v1,669,sa,CMT1,30,19366,30,1,928.4,,,,1.001,,,,False,
bench_core_v1,670,rr_ls,CMT1,30,19366,30,1,617.3,155.4,,,1.024,1.025,,,False,
bench_core_v1,671,ortools,CMT1,30,19366,29.9,0.9968,,,,,,,,,False,
bench_core_v1,672,qpso,CMT1,30,19367,30.01,1,710.1,174.8,,,1.075,1.078,,,False,
bench_core_v1,673,pso_ls,CMT1,30,19367,30,1,658.9,166,,,1.064,1.064,,,False,
bench_core_v1,674,ga_ls,CMT1,30,19367,30,1,565.9,149.8,,,1.04,1.04,,,False,
bench_core_v1,675,sa,CMT1,30,19367,30,1,954.6,,,,1.03,,,,False,
bench_core_v1,676,rr_ls,CMT1,30,19367,30.01,1,627.9,158,,,1.042,1.042,,,False,
bench_core_v1,677,ortools,CMT1,30,19367,29.91,0.997,,,,,,,,,False,
bench_core_v1,678,qpso,CMT1,30,19368,30,1,668,163.6,,,1.011,1.009,,,False,
bench_core_v1,679,ga_ls,CMT1,30,19368,30,1,566.6,150.2,,,1.041,1.042,,,False,
bench_core_v1,680,pso_ls,CMT1,30,19368,30,1,672.6,169.3,,,1.086,1.086,,,False,
bench_core_v1,681,sa,CMT1,30,19368,30.01,1,952.5,,,,1.027,,,,False,
bench_core_v1,682,rr_ls,CMT1,30,19368,30,1,561.3,141.2,,,0.9315,0.9314,,,False,
bench_core_v1,683,ortools,CMT1,30,19368,29.9,0.9968,,,,,,,,,False,
bench_core_v1,684,qpso,CMT1,30,19369,30,1,613.8,150.8,,,0.9292,0.93,,,False,
bench_core_v1,685,pso_ls,CMT1,30,19369,30,1,587.9,147.9,,,0.949,0.948,,,False,
bench_core_v1,686,ga_ls,CMT1,30,19369,30,1,491.3,130,,,0.9031,0.902,,,False,
bench_core_v1,687,sa,CMT1,30,19369,30,1,828.3,,,,0.8933,,,,False,
bench_core_v1,688,rr_ls,CMT1,30,19369,30,1,565.3,142.4,,,0.9381,0.9394,,,False,
bench_core_v1,689,ortools,CMT1,30,19369,29.91,0.9972,,,,,,,,,False,
bench_core_v1,690,pso_ls,CMT1,30,19370,30,1,599.9,151,,,0.9683,0.9679,,,False,
bench_core_v1,691,qpso,CMT1,30,19370,30,1,610.2,149.5,,,0.9238,0.9218,,,False,
bench_core_v1,692,ga_ls,CMT1,30,19370,30,1,504.1,133.6,,,0.9266,0.9276,,,False,
bench_core_v1,693,sa,CMT1,30,19370,30.01,1,971.2,,,,1.048,,,,False,
bench_core_v1,694,rr_ls,CMT1,30,19370,30,1,644.6,162.3,,,1.07,1.071,,,False,
bench_core_v1,695,ortools,CMT1,30,19370,29.91,0.9969,,,,,,,,,False,
bench_core_v1,696,qpso,CMT1,30,19371,30.01,1,715.4,175.9,,,1.083,1.084,,,False,
bench_core_v1,697,pso_ls,CMT1,30,19371,30,1,657.7,165.7,,,1.062,1.062,,,False,
bench_core_v1,698,ga_ls,CMT1,30,19371,30,1,562.4,148.8,,,1.034,1.033,,,False,
bench_core_v1,699,sa,CMT1,30,19371,30.01,1,966,,,,1.042,,,,False,
bench_core_v1,700,rr_ls,CMT1,30,19371,30,1,649.3,163.4,,,1.078,1.078,,,False,
bench_core_v1,701,ortools,CMT1,30,19371,29.91,0.997,,,,,,,,,False,
bench_core_v1,702,qpso,CMT1,30,19372,30,1,685.3,168,,,1.037,1.036,,,False,
bench_core_v1,703,pso_ls,CMT1,30,19372,30,1,657.3,165.5,,,1.061,1.061,,,False,
bench_core_v1,704,ga_ls,CMT1,30,19372,30,1,600.3,158.9,,,1.103,1.103,,,False,
bench_core_v1,705,sa,CMT1,30,19372,30,1,1014,,,,1.093,,,,False,
bench_core_v1,706,rr_ls,CMT1,30,19372,30,1,663.9,167.1,,,1.102,1.103,,,False,
bench_core_v1,707,ortools,CMT1,30,19372,29.91,0.9969,,,,,,,,,False,
bench_core_v1,708,qpso,CMT1,30,19373,30,1,724.6,177.1,,,1.097,1.092,,,False,
bench_core_v1,709,pso_ls,CMT1,30,19373,30,1,692,174.4,,,1.117,1.118,,,False,
bench_core_v1,710,ga_ls,CMT1,30,19373,30.01,1,608.4,161.2,,,1.118,1.119,,,False,
bench_core_v1,711,sa,CMT1,30,19373,30,1,1013,,,,1.093,,,,False,
bench_core_v1,712,ortools,CMT1,30,19373,29.9,0.9968,,,,,,,,,False,
bench_core_v1,713,rr_ls,CMT1,30,19373,30,1,665.3,167.4,,,1.104,1.104,,,False,
bench_core_v1,714,qpso,CMT1,30,19374,30,1,713.4,173.9,,,1.08,1.072,,,False,
bench_core_v1,715,pso_ls,CMT1,30,19374,30,1,696.8,175.4,,,1.125,1.125,,,False,
bench_core_v1,716,ga_ls,CMT1,30,19374,30,1,606.2,160.6,,,1.114,1.115,,,False,
bench_core_v1,717,sa,CMT1,30,19374,30,1,1021,,,,1.101,,,,False,
bench_core_v1,718,rr_ls,CMT1,30,19374,30,1,674.6,170,,,1.12,1.122,,,False,
bench_core_v1,719,ortools,CMT1,30,19374,29.91,0.9969,,,,,,,,,False,
bench_core_v1,720,qpso,CMT5,60,20345,60.01,1,36.78,8.998,,,1.121,1.124,,,False,
bench_core_v1,721,pso_ls,CMT5,60,20345,60.01,1,31.33,7.748,,,0.9793,0.9895,,,False,
bench_core_v1,722,ga_ls,CMT5,60,20345,60.01,1,157.1,41.46,,,0.9782,0.9766,,,False,
bench_core_v1,723,sa,CMT5,60,20345,60.01,1,269.8,,,,0.9945,,,,False,
bench_core_v1,724,rr_ls,CMT5,60,20345,60.02,1,43.99,10.91,,,0.9564,0.961,,,False,
bench_core_v1,725,ortools,CMT5,60,20345,59.92,0.9986,,,,,,,,,False,
bench_core_v1,726,pso_ls,CMT5,60,20346,60.01,1,30.66,7.482,,,0.9585,0.9555,,,False,
bench_core_v1,727,qpso,CMT5,60,20346,60.02,1,29.33,7.215,,,0.8941,0.9014,,,False,
bench_core_v1,728,ga_ls,CMT5,60,20346,60.01,1,159,42.05,,,0.9901,0.9904,,,False,
bench_core_v1,729,sa,CMT5,60,20346,60.01,1,267.4,,,,0.9857,,,,False,
bench_core_v1,730,rr_ls,CMT5,60,20346,60.02,1,44.65,10.96,,,0.9709,0.9654,,,False,
bench_core_v1,731,ortools,CMT5,60,20346,59.91,0.9985,,,,,,,,,False,
bench_core_v1,732,qpso,CMT5,60,20347,60.01,1,30.66,7.582,,,0.9349,0.9473,,,False,
bench_core_v1,733,pso_ls,CMT5,60,20347,60.01,1,30.66,7.565,,,0.9584,0.9661,,,False,
bench_core_v1,734,ga_ls,CMT5,60,20347,60.01,1,160.9,42.59,,,1.002,1.003,,,False,
bench_core_v1,735,sa,CMT5,60,20347,60.01,1,272.2,,,,1.004,,,,False,
bench_core_v1,736,rr_ls,CMT5,60,20347,60.01,1,45.99,11.3,,,1,0.9949,,,False,
bench_core_v1,737,ortools,CMT5,60,20347,59.91,0.9985,,,,,,,,,False,
bench_core_v1,738,qpso,CMT5,60,20348,60.01,1,33.43,8.165,,,1.019,1.02,,,False,
bench_core_v1,739,pso_ls,CMT5,60,20348,60.01,1,33.75,8.249,,,1.055,1.053,,,False,
bench_core_v1,740,ga_ls,CMT5,60,20348,60.01,1,156.4,41.36,,,0.9743,0.9743,,,False,
bench_core_v1,741,sa,CMT5,60,20348,60.01,1,267,,,,0.9843,,,,False,
bench_core_v1,742,rr_ls,CMT5,60,20348,60.01,1,45.99,11.41,,,1,1.005,,,False,
bench_core_v1,743,ortools,CMT5,60,20348,59.91,0.9985,,,,,,,,,False,
bench_core_v1,744,ga_ls,CMT5,60,20349,60.01,1,160.2,42.31,,,0.9979,0.9967,,,False,
bench_core_v1,745,pso_ls,CMT5,60,20349,60.03,1,30.65,7.43,,,0.9582,0.9488,,,False,
bench_core_v1,746,qpso,CMT5,60,20349,60.02,1,34.02,8.264,,,1.037,1.032,,,False,
bench_core_v1,747,sa,CMT5,60,20349,60.01,1,279.1,,,,1.029,,,,False,
bench_core_v1,748,ortools,CMT5,60,20349,59.91,0.9985,,,,,,,,,False,
bench_core_v1,749,rr_ls,CMT5,60,20349,60.01,1,46.66,11.6,,,1.014,1.021,,,False,
bench_core_v1,750,qpso,CMT5,60,20350,60.01,1,34.26,8.298,,,1.044,1.037,,,False,
bench_core_v1,751,pso_ls,CMT5,60,20350,60.01,1,31.99,7.815,,,1,0.9979,,,False,
bench_core_v1,752,ga_ls,CMT5,60,20350,60.01,1,166.6,44.08,,,1.037,1.038,,,False,
bench_core_v1,753,sa,CMT5,60,20350,60.01,1,274.8,,,,1.013,,,,False,
bench_core_v1,754,rr_ls,CMT5,60,20350,60.01,1,46.66,11.53,,,1.014,1.015,,,False,
bench_core_v1,755,ortools,CMT5,60,20350,59.91,0.9985,,,,,,,,,False,
bench_core_v1,756,ga_ls,CMT5,60,20351,60.01,1,162.1,42.84,,,1.01,1.009,,,False,
bench_core_v1,757,pso_ls,CMT5,60,20351,60.02,1,30.66,7.481,,,0.9583,0.9553,,,False,
bench_core_v1,758,qpso,CMT5,60,20351,60.02,1,32.94,8.014,,,1.004,1.001,,,False,
bench_core_v1,759,sa,CMT5,60,20351,60.01,1,270.3,,,,0.9965,,,,False,
bench_core_v1,760,rr_ls,CMT5,60,20351,60.01,1,45.32,11.21,,,0.9854,0.9874,,,False,
bench_core_v1,761,ortools,CMT5,60,20351,59.92,0.9986,,,,,,,,,False,
bench_core_v1,762,qpso,CMT5,60,20352,60.03,1,29.32,7.097,,,0.8939,0.8867,,,False,
bench_core_v1,763,pso_ls,CMT5,60,20352,60.01,1,32.66,7.932,,,1.021,1.013,,,False,
bench_core_v1,764,ga_ls,CMT5,60,20352,60.01,1,158.6,41.91,,,0.9875,0.9872,,,False,
bench_core_v1,765,sa,CMT5,60,20352,60.01,1,267.9,,,,0.9878,,,,False,
bench_core_v1,766,rr_ls,CMT5,60,20352,60.01,1,44.66,11.07,,,0.971,0.9743,,,False,
bench_core_v1,767,ortools,CMT5,60,20352,59.91,0.9985,,,,,,,,,False,
bench_core_v1,768,qpso,CMT5,60,20353,60.01,1,29.33,7.166,,,0.8942,0.8953,,,False,
bench_core_v1,769,pso_ls,CMT5,60,20353,60.02,1,32.65,7.98,,,1.021,1.019,,,False,
bench_core_v1,770,ga_ls,CMT5,60,20353,60.01,1,158.1,41.74,,,0.9844,0.9833,,,False,
bench_core_v1,771,sa,CMT5,60,20353,60.01,1,264.6,,,,0.9754,,,,False,
bench_core_v1,772,rr_ls,CMT5,60,20353,60.02,1,43.99,10.88,,,0.9564,0.9581,,,False,
bench_core_v1,773,ortools,CMT5,60,20353,59.91,0.9986,,,,,,,,,False,
bench_core_v1,774,qpso,CMT5,60,20354,60.01,1,30.35,7.416,,,0.9252,0.9265,,,False,
bench_core_v1,775,pso_ls,CMT5,60,20354,60.02,1,31.33,7.715,,,0.9792,0.9852,,,False,
bench_core_v1,776,ga_ls,CMT5,60,20354,60.02,1,147.6,39.04,,,0.919,0.9196,,,False,
bench_core_v1,777,sa,CMT5,60,20354,60.01,1,260,,,,0.9585,,,,False,
bench_core_v1,778,rr_ls,CMT5,60,20354,60.01,1,43.33,10.7,,,0.942,0.942,,,False,
bench_core_v1,779,ortools,CMT5,60,20354,59.94,0.999,,,,,,,,,False,
bench_core_v1,780,qpso,CMT5,60,20355,60.02,1,31.16,7.431,,,0.95,0.9284,,,False,
bench_core_v1,781,pso_ls,CMT5,60,20355,60.01,1,29.99,7.265,,,0.9376,0.9277,,,False,
bench_core_v1,782,ga_ls,CMT5,60,20355,60.01,1,148.2,39.06,,,0.9227,0.9201,,,False,
bench_core_v1,783,sa,CMT5,60,20355,60.01,1,249.7,,,,0.9205,,,,False,
bench_core_v1,784,ortools,CMT5,60,20355,59.91,0.9986,,,,,,,,,False,
bench_core_v1,785,rr_ls,CMT5,60,20355,60.01,1,41.32,10.13,,,0.8985,0.8921,,,False,
bench_core_v1,786,qpso,CMT5,60,20356,60.01,1,31.41,7.582,,,0.9577,0.9473,,,False,
bench_core_v1,787,pso_ls,CMT5,60,20356,60.02,1,29.99,7.348,,,0.9375,0.9383,,,False,
bench_core_v1,788,ga_ls,CMT5,60,20356,60.01,1,141.7,37.38,,,0.8824,0.8805,,,False,
bench_core_v1,789,sa,CMT5,60,20356,60.01,1,244.8,,,,0.9024,,,,False,
bench_core_v1,790,ortools,CMT5,60,20356,59.91,0.9985,,,,,,,,,False,
bench_core_v1,791,rr_ls,CMT5,60,20356,60.02,1,39.99,9.831,,,0.8695,0.8656,,,False,
bench_core_v1,792,qpso,CMT5,60,20357,60.05,1.001,32.66,7.994,,,0.9957,0.9988,,,False,
bench_core_v1,793,pso_ls,CMT5,60,20357,60.04,1.001,29.98,7.278,,,0.9372,0.9294,,,False,
bench_core_v1,794,ga_ls,CMT5,60,20357,60.02,1,149,39.39,,,0.928,0.9279,,,False,
bench_core_v1,795,rr_ls,CMT5,60,20357,60.01,1,42.46,10.45,,,0.9232,0.9201,,,False,
bench_core_v1,796,sa,CMT5,60,20357,60.01,1,254.8,,,,0.9394,,,,False,
bench_core_v1,797,ortools,CMT5,60,20357,59.92,0.9987,,,,,,,,,False,
bench_core_v1,798,qpso,CMT5,60,20358,60.04,1.001,29.48,7.196,,,0.8989,0.899,,,False,
bench_core_v1,799,pso_ls,CMT5,60,20358,60.01,1,31.33,7.698,,,0.9793,0.9831,,,False,
bench_core_v1,800,ga_ls,CMT5,60,20358,60.01,1,153.8,40.58,,,0.9581,0.9559,,,False,
bench_core_v1,801,sa,CMT5,60,20358,60.01,1,260.6,,,,0.9607,,,,False,
bench_core_v1,802,rr_ls,CMT5,60,20358,60.01,1,43.99,10.85,,,0.9565,0.9552,,,False,
bench_core_v1,803,ortools,CMT5,60,20358,59.91,0.9985,,,,,,,,,False,
bench_core_v1,804,qpso,CMT5,60,20359,60.01,1,37.43,9.232,,,1.141,1.153,,,False,
bench_core_v1,805,pso_ls,CMT5,60,20359,60.01,1,28.66,6.983,,,0.896,0.8917,,,False,
bench_core_v1,806,ga_ls,CMT5,60,20359,60.01,1,159.6,42.16,,,0.994,0.9932,,,False,
bench_core_v1,807,sa,CMT5,60,20359,60.01,1,268.1,,,,0.9885,,,,False,
bench_core_v1,808,rr_ls,CMT5,60,20359,60.01,1,47.32,11.63,,,1.029,1.024,,,False,
bench_core_v1,809,ortools,CMT5,60,20359,59.91,0.9986,,,,,,,,,False,
bench_core_v1,810,pso_ls,CMT5,60,20360,60.02,1,41.32,10.2,,,1.292,1.302,,,False,
bench_core_v1,811,qpso,CMT5,60,20360,60.02,1,35.32,8.697,,,1.077,1.087,,,False,
bench_core_v1,812,ga_ls,CMT5,60,20360,60.01,1,167.8,44.32,,,1.045,1.044,,,False,
bench_core_v1,813,sa,CMT5,60,20360,60.02,1,282.7,,,,1.042,,,,False,
bench_core_v1,814,rr_ls,CMT5,60,20360,60.01,1,40.66,9.949,,,0.8841,0.876,,,False,
bench_core_v1,815,ortools,CMT5,60,20360,59.91,0.9986,,,,,,,,,False,
bench_core_v1,816,qpso,CMT5,60,20361,60.01,1,29.64,7.132,,,0.9038,0.891,,,False,
bench_core_v1,817,ga_ls,CMT5,60,20361,60.01,1,141.7,37.38,,,0.8822,0.8804,,,False,
bench_core_v1,818,pso_ls,CMT5,60,20361,60.02,1,31.99,7.847,,,0.9999,1.002,,,False,
bench_core_v1,819,qpso,CMT5,60,20362,60.25,1.004,25.96,6.357,,,0.7915,0.7942,,,False,
bench_core_v1,820,ortools,CMT5,60,20361,60.27,1.005,,,,,,,,,False,
bench_core_v1,821,rr_ls,CMT5,60,20362,60.01,1,36.66,8.998,,,0.797,0.7923,,,False,
bench_core_v1,822,sa,CMT5,60,20362,60.02,1,211.8,,,,0.7807,,,,False,
bench_core_v1,823,ortools,CMT5,60,20362,59.91,0.9985,,,,,,,,,False,
bench_core_v1,824,pso_ls,CMT5,60,20363,60.01,1,25.25,6.066,,,0.7892,0.7746,,,False,
bench_core_v1,825,ortools,CMT5,60,20363,59.91,0.9985,,,,,,,,,False,
bench_core_v1,826,ga_ls,CMT5,60,20363,60.01,1,139.9,36.86,,,0.8713,0.8683,,,False,
bench_core_v1,827,qpso,CMT5,60,20364,60.01,1,31.71,7.616,,,0.9669,0.9515,,,False,
bench_core_v1,828,rr_ls,CMT5,60,20363,60.01,1,39.32,9.714,,,0.855,0.8554,,,False,
bench_core_v1,829,sa,CMT5,60,20363,60.01,1,237.9,,,,0.8772,,,,False,
bench_core_v1,830,pso_ls,CMT5,60,20364,60.02,1,28.65,7.014,,,0.8957,0.8956,,,False,
bench_core_v1,831,ga_ls,CMT5,60,20364,60.02,1,150.3,39.72,,,0.9361,0.9357,,,False,
bench_core_v1,832,sa,CMT5,60,20364,60.01,1,257.6,,,,0.9498,,,,False,
bench_core_v1,833,rr_ls,CMT5,60,20364,60.01,1,42.66,10.6,,,0.9275,0.9332,,,False,
bench_core_v1,834,ortools,CMT5,60,20364,59.92,0.9986,,,,,,,,,False,
bench_core_v1,835,qpso,CMT5,60,20365,60.01,1,32.49,7.815,,,0.9907,0.9764,,,False,
bench_core_v1,836,ortools,CMT5,60,20365,59.91,0.9985,,,,,,,,,False,
bench_core_v1,837,pso_ls,CMT5,60,20365,60.01,1,31.33,7.732,,,0.9793,0.9873,,,False,
bench_core_v1,838,ga_ls,CMT5,60,20365,60.01,1,172.4,45.63,,,1.074,1.075,,,False,
bench_core_v1,839,sa,CMT5,60,20365,60.01,1,295.7,,,,1.09,,,,False,
bench_core_v1,840,rr_ls,CMT5,60,20365,60.01,1,49.32,12.28,,,1.072,1.081,,,False,
bench_core_v1,841,qpso,CMT5,60,20366,60.01,1,34.68,8.515,,,1.057,1.064,,,False,
bench_core_v1,842,pso_ls,CMT5,60,20366,60.01,1,39.33,9.748,,,1.229,1.245,,,False,
bench_core_v1,843,ga_ls,CMT5,60,20366,60.01,1,179.2,47.31,,,1.116,1.114,,,False,
bench_core_v1,844,sa,CMT5,60,20366,60.01,1,306.8,,,,1.131,,,,False,
bench_core_v1,845,rr_ls,CMT5,60,20366,60.01,1,49.99,12.38,,,1.087,1.09,,,False,
bench_core_v1,846,ortools,CMT5,60,20366,59.91,0.9986,,,,,,,,,False,
bench_core_v1,847,qpso,CMT5,60,20367,60.02,1,36.09,8.78,,,1.1,1.097,,,False,
bench_core_v1,848,pso_ls,CMT5,60,20367,60.01,1,35.32,8.731,,,1.104,1.115,,,False,
bench_core_v1,849,ortools,CMT5,60,20367,59.93,0.9988,,,,,,,,,False,
bench_core_v1,850,ga_ls,CMT5,60,20367,60.02,1,182,48.13,,,1.133,1.134,,,False,
bench_core_v1,851,sa,CMT5,60,20367,60.01,1,308.8,,,,1.138,,,,False,
bench_core_v1,852,rr_ls,CMT5,60,20367,60.03,1,51.31,12.73,,,1.116,1.121,,,False,
bench_core_v1,853,qpso,CMT5,60,20368,60.02,1,35.49,8.631,,,1.082,1.078,,,False,
bench_core_v1,854,pso_ls,CMT5,60,20368,60.01,1,39.33,9.649,,,1.229,1.232,,,False,
bench_core_v1,855,ga_ls,CMT5,60,20368,60.01,1,186.1,49.16,,,1.159,1.158,,,False,
bench_core_v1,856,sa,CMT5,60,20368,60.01,1,309.4,,,,1.141,,,,False,
bench_core_v1,857,rr_ls,CMT5,60,20368,60.01,1,51.32,12.65,,,1.116,1.114,,,False,
bench_core_v1,858,ortools,CMT5,60,20368,59.91,0.9985,,,,,,,,,False,
bench_core_v1,859,qpso,CMT5,60,20369,60.01,1,33.54,8.199,,,1.023,1.024,,,False,
bench_core_v1,860,pso_ls,CMT5,60,20369,60.02,1,41.32,10.25,,,1.292,1.309,,,False,
bench_core_v1,861,ga_ls,CMT5,60,20369,60.01,1,185.9,49.16,,,1.157,1.158,,,False,
bench_core_v1,862,sa,CMT5,60,20369,60.01,1,310.4,,,,1.144,,,,False,
bench_core_v1,863,rr_ls,CMT5,60,20369,60.01,1,50.66,12.51,,,1.101,1.102,,,False,
bench_core_v1,864,ortools,CMT5,60,20369,59.91,0.9985,,,,,,,,,False,
bench_core_v1,865,qpso,CMT5,60,20370,60.01,1,38.8,9.482,,,1.183,1.185,,,False,
bench_core_v1,866,pso_ls,CMT5,60,20370,60.01,1,35.33,8.649,,,1.104,1.104,,,False,
bench_core_v1,867,ga_ls,CMT5,60,20370,60.01,1,187.5,49.66,,,1.168,1.17,,,False,
bench_core_v1,868,sa,CMT5,60,20370,60.01,1,312.6,,,,1.152,,,,False,
bench_core_v1,869,rr_ls,CMT5,60,20370,60.01,1,51.33,12.68,,,1.116,1.117,,,False,
bench_core_v1,870,ortools,CMT5,60,20370,59.91,0.9985,,,,,,,,,False,
bench_core_v1,871,pso_ls,CMT5,60,20371,60.01,1,37.33,9.265,,,1.167,1.183,,,False,
bench_core_v1,872,qpso,CMT5,60,20371,60.02,1,35.99,8.781,,,1.097,1.097,,,False,
bench_core_v1,873,ga_ls,CMT5,60,20371,60.01,1,182.1,48.14,,,1.134,1.134,,,False,
bench_core_v1,874,sa,CMT5,60,20371,60.01,1,308.8,,,,1.138,,,,False,
bench_core_v1,875,ortools,CMT5,60,20371,59.91,0.9985,,,,,,,,,False,
bench_core_v1,876,rr_ls,CMT5,60,20371,60.01,1,49.99,12.45,,,1.087,1.096,,,False,
bench_core_v1,877,qpso,CMT5,60,20372,60.02,1,33.99,8.414,,,1.036,1.051,,,False,
bench_core_v1,878,ga_ls,CMT5,60,20372,60.01,1,181.2,47.98,,,1.128,1.13,,,False,
bench_core_v1,879,pso_ls,CMT5,60,20372,60.01,1,32.66,8.082,,,1.021,1.032,,,False,
bench_core_v1,880,sa,CMT5,60,20372,60.01,1,310.5,,,,1.145,,,,False,
bench_core_v1,881,rr_ls,CMT5,60,20372,60.01,1,51.32,12.76,,,1.116,1.124,,,False,
bench_core_v1,882,ortools,CMT5,60,20372,59.91,0.9985,,,,,,,,,False,
bench_core_v1,883,ga_ls,CMT5,60,20373,60.01,1,180.2,47.64,,,1.122,1.122,,,False,
bench_core_v1,884,qpso,CMT5,60,20373,60.01,1,31.33,7.632,,,0.9551,0.9535,,,False,
bench_core_v1,885,pso_ls,CMT5,60,20373,60.01,1,38.66,9.499,,,1.209,1.213,,,False,
bench_core_v1,886,sa,CMT5,60,20373,60.01,1,312.6,,,,1.153,,,,False,
bench_core_v1,887,rr_ls,CMT5,60,20373,60.01,1,51.33,12.76,,,1.116,1.124,,,False,
bench_core_v1,888,ortools,CMT5,60,20373,59.91,0.9985,,,,,,,,,False,
bench_core_v1,889,pso_ls,CMT5,60,20374,60.01,1,40.66,9.965,,,1.271,1.272,,,False,
bench_core_v1,890,qpso,CMT5,60,20374,60.02,1,32.66,7.964,,,0.9957,0.9951,,,False,
bench_core_v1,891,ga_ls,CMT5,60,20374,60.01,1,187.3,49.49,,,1.166,1.166,,,False,
bench_core_v1,892,sa,CMT5,60,20374,60.01,1,322.7,,,,1.19,,,,False,
bench_core_v1,893,ortools,CMT5,60,20374,59.91,0.9985,,,,,,,,,False,
bench_core_v1,894,rr_ls,CMT5,60,20374,60.01,1,51.99,12.96,,,1.13,1.142,,,False,
bench_core_v1,895,qpso,X-n101-k25,60,21345,60.01,1,113.7,28.28,,,1.024,1.028,,,False,
bench_core_v1,896,pso_ls,X-n101-k25,60,21345,60.01,1,229.3,57.69,,,1.006,1.008,,,False,
bench_core_v1,897,ga_ls,X-n101-k25,60,21345,60.01,1,544,144.4,,,1.031,1.031,,,False,
bench_core_v1,898,rr_ls,X-n101-k25,60,21345,60.01,1,270,67.88,,,1.014,1.014,,,False,
bench_core_v1,899,ortools,X-n101-k25,60,21345,59.91,0.9984,,,,,,,,,False,
bench_core_v1,900,sa,X-n101-k25,60,21345,60,1,1287,,,,1.016,,,,False,
bench_core_v1,901,qpso,X-n101-k25,60,21346,60.01,1,119.9,29.53,,,1.08,1.074,,,False,
bench_core_v1,902,pso_ls,X-n101-k25,60,21346,60.01,1,225.8,56.73,,,0.9908,0.9907,,,False,
bench_core_v1,903,ga_ls,X-n101-k25,60,21346,60.01,1,533.9,141.7,,,1.012,1.013,,,False,
bench_core_v1,904,ortools,X-n101-k25,60,21346,59.91,0.9985,,,,,,,,,False,
bench_core_v1,905,sa,X-n101-k25,60,21346,60,1,1290,,,,1.018,,,,False,
bench_core_v1,906,rr_ls,X-n101-k25,60,21346,60.01,1,266.6,67.07,,,1.001,1.002,,,False,
bench_core_v1,907,qpso,X-n101-k25,60,21347,60.01,1,121.5,29.8,,,1.094,1.084,,,False,
bench_core_v1,908,pso_ls,X-n101-k25,60,21347,60.01,1,239.3,60.11,,,1.05,1.05,,,False,
bench_core_v1,909,ga_ls,X-n101-k25,60,21347,60,1,532.6,141.3,,,1.01,1.009,,,False,
bench_core_v1,910,ortools,X-n101-k25,60,21347,59.91,0.9985,,,,,,,,,False,
bench_core_v1,911,rr_ls,X-n101-k25,60,21347,60.01,1,266.6,66.99,,,1.001,1.001,,,False,
bench_core_v1,912,sa,X-n101-k25,60,21347,60,1,1292,,,,1.019,,,,False,
bench_core_v1,913,qpso,X-n101-k25,60,21348,60.01,1,103.6,25.7,,,0.9329,0.9345,,,False,
bench_core_v1,914,pso_ls,X-n101-k25,60,21348,60.01,1,222.6,56.03,,,0.977,0.9785,,,False,
bench_core_v1,915,ortools,X-n101-k25,60,21348,59.91,0.9985,,,,,,,,,False,
bench_core_v1,916,ga_ls,X-n101-k25,60,21348,60,1,503.5,133.6,,,0.9545,0.9548,,,False,
bench_core_v1,917,rr_ls,X-n101-k25,60,21348,60,1,251,63.13,,,0.9424,0.943,,,False,
bench_core_v1,918,sa,X-n101-k25,60,21348,60.01,1,1206,,,,0.952,,,,False,
bench_core_v1,919,qpso,X-n101-k25,60,21349,60.01,1,103.9,25.66,,,0.9358,0.9333,,,False,
bench_core_v1,920,pso_ls,X-n101-k25,60,21349,60.01,1,204.6,51.43,,,0.898,0.8981,,,False,
bench_core_v1,921,ga_ls,X-n101-k25,60,21349,60.01,1,485.5,128.8,,,0.9204,0.92,,,False,
bench_core_v1,922,sa,X-n101-k25,60,21349,60,1,1174,,,,0.9261,,,,False,
bench_core_v1,923,rr_ls,X-n101-k25,60,21349,60.01,1,246.6,61.96,,,0.9262,0.9255,,,False,
bench_core_v1,924,ortools,X-n101-k25,60,21349,59.91,0.9984,,,,,,,,,False,
bench_core_v1,925,qpso,X-n101-k25,60,21350,60.01,1,111.7,27.66,,,1.006,1.006,,,False,
bench_core_v1,926,pso_ls,X-n101-k25,60,21350,60.01,1,216,54.24,,,0.9477,0.9473,,,False,
bench_core_v1,927,ga_ls,X-n101-k25,60,21350,60.01,1,505.4,134.2,,,0.9581,0.9585,,,False,
bench_core_v1,928,rr_ls,X-n101-k25,60,21350,60.01,1,254,63.92,,,0.9537,0.9549,,,False,
bench_core_v1,929,sa,X-n101-k25,60,21350,60,1,1212,,,,0.9559,,,,False,
bench_core_v1,930,ortools,X-n101-k25,60,21350,59.91,0.9985,,,,,,,,,False,
bench_core_v1,931,qpso,X-n101-k25,60,21351,60.01,1,111.3,27.56,,,1.003,1.002,,,False,
bench_core_v1,932,pso_ls,X-n101-k25,60,21351,60.01,1,216.6,54.54,,,0.9506,0.9526,,,False,
bench_core_v1,933,ga_ls,X-n101-k25,60,21351,60.01,1,515.5,136.9,,,0.9773,0.9778,,,False,
bench_core_v1,934,sa,X-n101-k25,60,21351,60,1,1260,,,,0.9944,,,,False,
bench_core_v1,935,rr_ls,X-n101-k25,60,21351,60.01,1,266,66.84,,,0.9988,0.9985,,,False,
bench_core_v1,936,ortools,X-n101-k25,60,21351,59.91,0.9985,,,,,,,,,False,
bench_core_v1,937,qpso,X-n101-k25,60,21352,60.01,1,118.8,29.41,,,1.07,1.07,,,False,
bench_core_v1,938,pso_ls,X-n101-k25,60,21352,60.01,1,233.3,58.74,,,1.024,1.026,,,False,
bench_core_v1,939,ga_ls,X-n101-k25,60,21352,60.01,1,533,141.4,,,1.01,1.01,,,False,
bench_core_v1,940,sa,X-n101-k25,60,21352,60.01,1,1267,,,,1,,,,False,
bench_core_v1,941,rr_ls,X-n101-k25,60,21352,60,1,257.2,64.65,,,0.9658,0.9657,,,False,
bench_core_v1,942,ortools,X-n101-k25,60,21352,59.9,0.9984,,,,,,,,,False,
bench_core_v1,943,qpso,X-n101-k25,60,21353,60.01,1,107.8,26.65,,,0.9715,0.9691,,,False,
bench_core_v1,944,pso_ls,X-n101-k25,60,21353,60.01,1,216,54.25,,,0.9477,0.9473,,,False,
bench_core_v1,945,ga_ls,X-n101-k25,60,21353,60,1,507.9,134.7,,,0.9629,0.9627,,,False,
bench_core_v1,946,sa,X-n101-k25,60,21353,60.01,1,1211,,,,0.9551,,,,False,
bench_core_v1,947,rr_ls,X-n101-k25,60,21353,60.01,1,256,64.41,,,0.9612,0.9621,,,False,
bench_core_v1,948,ortools,X-n101-k25,60,21353,59.97,0.9996,,,,,,,,,False,
bench_core_v1,949,qpso,X-n101-k25,60,21354,60.01,1,103.4,25.56,,,0.9312,0.9297,,,False,
bench_core_v1,950,pso_ls,X-n101-k25,60,21354,60.01,1,227.1,57.06,,,0.9967,0.9965,,,False,
bench_core_v1,951,ga_ls,X-n101-k25,60,21354,60.01,1,501,132.9,,,0.9497,0.9492,,,False,
bench_core_v1,952,sa,X-n101-k25,60,21354,60.01,1,1262,,,,0.9961,,,,False,
bench_core_v1,953,rr_ls,X-n101-k25,60,21354,60.01,1,265.3,66.81,,,0.9963,0.998,,,False,
bench_core_v1,954,ortools,X-n101-k25,60,21354,59.91,0.9985,,,,,,,,,False,
bench_core_v1,955,qpso,X-n101-k25,60,21355,60.02,1,109.9,27.36,,,0.9902,0.995,,,False,
bench_core_v1,956,pso_ls,X-n101-k25,60,21355,60.01,1,240,60.32,,,1.053,1.053,,,False,
bench_core_v1,957,ga_ls,X-n101-k25,60,21355,60,1,539.6,143.1,,,1.023,1.023,,,False,
bench_core_v1,958,sa,X-n101-k25,60,21355,60,1,1281,,,,1.011,,,,False,
bench_core_v1,959,ortools,X-n101-k25,60,21355,59.92,0.9987,,,,,,,,,False,
bench_core_v1,960,rr_ls,X-n101-k25,60,21355,60.01,1,268.6,67.54,,,1.009,1.009,,,False,
bench_core_v1,961,qpso,X-n101-k25,60,21356,60.01,1,111.1,27.55,,,1.001,1.002,,,False,
bench_core_v1,962,pso_ls,X-n101-k25,60,21356,60.01,1,230,57.86,,,1.009,1.01,,,False,
bench_core_v1,963,ga_ls,X-n101-k25,60,21356,60.01,1,539.6,143.2,,,1.023,1.023,,,False,
bench_core_v1,964,sa,X-n101-k25,60,21356,60,1,1289,,,,1.017,,,,False,
bench_core_v1,965,rr_ls,X-n101-k25,60,21356,60.01,1,267.3,67.33,,,1.004,1.006,,,False,
bench_core_v1,966,ortools,X-n101-k25,60,21356,59.91,0.9985,,,,,,,,,False,
bench_core_v1,967,qpso,X-n101-k25,60,21357,60.01,1,120.2,29.76,,,1.082,1.082,,,False,
bench_core_v1,968,pso_ls,X-n101-k25,60,21357,60.01,1,228.6,57.46,,,1.003,1.003,,,False,
bench_core_v1,969,ga_ls,X-n101-k25,60,21357,60.01,1,538.5,142.9,,,1.021,1.021,,,False,
bench_core_v1,970,sa,X-n101-k25,60,21357,60,1,1279,,,,1.009,,,,False,
bench_core_v1,971,ortools,X-n101-k25,60,21357,59.91,0.9985,,,,,,,,,False,
bench_core_v1,972,rr_ls,X-n101-k25,60,21357,60.01,1,266.6,67.14,,,1.001,1.003,,,False,
bench_core_v1,973,qpso,X-n101-k25,60,21358,60.01,1,107,26.49,,,0.9642,0.9635,,,False,
bench_core_v1,974,pso_ls,X-n101-k25,60,21358,60.01,1,222,55.84,,,0.974,0.9752,,,False,
bench_core_v1,975,ga_ls,X-n101-k25,60,21358,60,1,523.8,138.9,,,0.993,0.9927,,,False,
bench_core_v1,976,sa,X-n101-k25,60,21358,60,1,1267,,,,1,,,,False,
bench_core_v1,977,rr_ls,X-n101-k25,60,21358,60.01,1,262.6,66.08,,,0.9863,0.987,,,False,
bench_core_v1,978,ortools,X-n101-k25,60,21358,59.91,0.9985,,,,,,,,,False,
bench_core_v1,979,qpso,X-n101-k25,60,21359,60.01,1,108,26.76,,,0.9726,0.9733,,,False,
bench_core_v1,980,pso_ls,X-n101-k25,60,21359,60.01,1,236,59.34,,,1.035,1.036,,,False,
bench_core_v1,981,ga_ls,X-n101-k25,60,21359,60.01,1,529.5,140.4,,,1.004,1.003,,,False,
bench_core_v1,982,sa,X-n101-k25,60,21359,60.01,1,1260,,,,0.9941,,,,False,
bench_core_v1,983,rr_ls,X-n101-k25,60,21359,60.01,1,262.6,66.11,,,0.9863,0.9875,,,False,
bench_core_v1,984,ortools,X-n101-k25,60,21359,59.91,0.9984,,,,,,,,,False,
bench_core_v1,985,qpso,X-n101-k25,60,21360,60.01,1,103.5,25.63,,,0.9322,0.9321,,,False,
bench_core_v1,986,pso_ls,X-n101-k25,60,21360,60.01,1,220.6,55.41,,,0.9681,0.9676,,,False,
bench_core_v1,987,ga_ls,X-n101-k25,60,21360,60.01,1,504.1,133.7,,,0.9557,0.9553,,,False,
bench_core_v1,988,sa,X-n101-k25,60,21360,60,1,1234,,,,0.9733,,,,False,
bench_core_v1,989,rr_ls,X-n101-k25,60,21360,60.01,1,256.6,64.61,,,0.9638,0.9651,,,False,
bench_core_v1,990,ortools,X-n101-k25,60,21360,59.91,0.9985,,,,,,,,,False,
bench_core_v1,991,qpso,X-n101-k25,60,21361,60.01,1,103.2,25.6,,,0.9301,0.9309,,,False,
bench_core_v1,992,pso_ls,X-n101-k25,60,21361,60.01,1,212.6,53.38,,,0.9331,0.9322,,,False,
bench_core_v1,993,ga_ls,X-n101-k25,60,21361,60,1,500.5,132.8,,,0.9488,0.9489,,,False,
bench_core_v1,994,rr_ls,X-n101-k25,60,21361,60.01,1,250,62.84,,,0.9387,0.9387,,,False,
bench_core_v1,995,sa,X-n101-k25,60,21361,60,1,1200,,,,0.9468,,,,False,
bench_core_v1,996,ortools,X-n101-k25,60,21361,59.91,0.9985,,,,,,,,,False,
bench_core_v1,997,qpso,X-n101-k25,60,21362,60.01,1,103.6,25.63,,,0.933,0.9321,,,False,
bench_core_v1,998,pso_ls,X-n101-k25,60,21362,60.01,1,224,56.36,,,0.9828,0.9843,,,False,
bench_core_v1,999,ga_ls,X-n101-k25,60,21362,60,1,511.1,135.6,,,0.9689,0.9686,,,False,
bench_core_v1,1000,sa,X-n101-k25,60,21362,60,1,1231,,,,0.9713,,,,False,
bench_core_v1,1001,rr_ls,X-n101-k25,60,21362,60.01,1,267.3,67.23,,,1.004,1.004,,,False,
bench_core_v1,1002,ortools,X-n101-k25,60,21362,59.91,0.9984,,,,,,,,,False,
bench_core_v1,1003,qpso,X-n101-k25,60,21363,60.01,1,107.1,26.53,,,0.9652,0.9648,,,False,
bench_core_v1,1004,pso_ls,X-n101-k25,60,21363,60.01,1,221.3,55.58,,,0.9711,0.9706,,,False,
bench_core_v1,1005,ga_ls,X-n101-k25,60,21363,60.01,1,528.6,140.2,,,1.002,1.002,,,False,
bench_core_v1,1006,sa,X-n101-k25,60,21363,60.01,1,1285,,,,1.014,,,,False,
bench_core_v1,1007,rr_ls,X-n101-k25,60,21363,60.01,1,268,67.37,,,1.006,1.006,,,False,
bench_core_v1,1008,ortools,X-n101-k25,60,21363,59.91,0.9985,,,,,,,,,False,
bench_core_v1,1009,qpso,X-n101-k25,60,21364,60.01,1,119.9,29.68,,,1.08,1.079,,,False,
bench_core_v1,1010,pso_ls,X-n101-k25,60,21364,60.01,1,234.6,59.01,,,1.03,1.031,,,False,
bench_core_v1,1011,ga_ls,X-n101-k25,60,21364,60.01,1,535.8,142.2,,,1.016,1.016,,,False,
bench_core_v1,1012,sa,X-n101-k25,60,21364,60,1,1268,,,,1,,,,False,
bench_core_v1,1013,rr_ls,X-n101-k25,60,21364,60.01,1,268.6,67.56,,,1.009,1.009,,,False,
bench_core_v1,1014,ortools,X-n101-k25,60,21364,59.91,0.9985,,,,,,,,,False,
bench_core_v1,1015,qpso,X-n101-k25,60,21365,60.01,1,108.5,26.93,,,0.9777,0.9794,,,False,
bench_core_v1,1016,pso_ls,X-n101-k25,60,21365,60.01,1,229.3,57.64,,,1.006,1.007,,,False,
bench_core_v1,1017,ga_ls,X-n101-k25,60,21365,60.01,1,533.4,141.6,,,1.011,1.011,,,False,
bench_core_v1,1018,sa,X-n101-k25,60,21365,60,1,1279,,,,1.009,,,,False,
bench_core_v1,1019,rr_ls,X-n101-k25,60,21365,60,1,267.3,67.23,,,1.004,1.004,,,False,
bench_core_v1,1020,ortools,X-n101-k25,60,21365,59.94,0.999,,,,,,,,,False,
bench_core_v1,1021,qpso,X-n101-k25,60,21366,60.01,1,119.9,29.71,,,1.08,1.081,,,False,
bench_core_v1,1022,pso_ls,X-n101-k25,60,21366,60.01,1,240,60.33,,,1.053,1.054,,,False,
bench_core_v1,1023,ga_ls,X-n101-k25,60,21366,60.01,1,535.1,141.9,,,1.015,1.014,,,False,
bench_core_v1,1024,sa,X-n101-k25,60,21366,60,1,1282,,,,1.011,,,,False,
bench_core_v1,1025,rr_ls,X-n101-k25,60,21366,60,1,268,67.43,,,1.006,1.007,,,False,
bench_core_v1,1026,ortools,X-n101-k25,60,21366,59.91,0.9984,,,,,,,,,False,
bench_core_v1,1027,qpso,X-n101-k25,60,21367,60.01,1,121,29.95,,,1.09,1.089,,,False,
bench_core_v1,1028,pso_ls,X-n101-k25,60,21367,60.01,1,226,56.76,,,0.9916,0.9913,,,False,
bench_core_v1,1029,ga_ls,X-n101-k25,60,21367,60,1,533.8,141.6,,,1.012,1.012,,,False,
bench_core_v1,1030,sa,X-n101-k25,60,21367,60,1,1291,,,,1.019,,,,False,
bench_core_v1,1031,rr_ls,X-n101-k25,60,21367,60,1,266,66.89,,,0.9988,0.9993,,,False,
bench_core_v1,1032,ortools,X-n101-k25,60,21367,59.91,0.9985,,,,,,,,,False,
bench_core_v1,1033,qpso,X-n101-k25,60,21368,60.01,1,116.7,28.8,,,1.051,1.047,,,False,
bench_core_v1,1034,pso_ls,X-n101-k25,60,21368,60.01,1,224,56.28,,,0.9828,0.9828,,,False,
bench_core_v1,1035,ga_ls,X-n101-k25,60,21368,60,1,526.3,139.7,,,0.9978,0.9982,,,False,
bench_core_v1,1036,sa,X-n101-k25,60,21368,60,1,1255,,,,0.99,,,,False,
bench_core_v1,1037,rr_ls,X-n101-k25,60,21368,60.01,1,262,65.91,,,0.9838,0.9846,,,False,
bench_core_v1,1038,ortools,X-n101-k25,60,21368,59.91,0.9985,,,,,,,,,False,
bench_core_v1,1039,qpso,X-n101-k25,60,21369,60.01,1,109,26.95,,,0.9816,0.98,,,False,
bench_core_v1,1040,pso_ls,X-n101-k25,60,21369,60.01,1,226,56.78,,,0.9916,0.9916,,,False,
bench_core_v1,1041,ga_ls,X-n101-k25,60,21369,60.01,1,521.9,138.5,,,0.9894,0.9898,,,False,
bench_core_v1,1042,sa,X-n101-k25,60,21369,60,1,1253,,,,0.9885,,,,False,
bench_core_v1,1043,rr_ls,X-n101-k25,60,21369,60.01,1,264,66.34,,,0.9913,0.991,,,False,
bench_core_v1,1044,ortools,X-n101-k25,60,21369,59.91,0.9985,,,,,,,,,False,
bench_core_v1,1045,qpso,X-n101-k25,60,21370,60.01,1,112.6,27.88,,,1.014,1.014,,,False,
bench_core_v1,1046,pso_ls,X-n101-k25,60,21370,60.01,1,232,58.29,,,1.018,1.018,,,False,
bench_core_v1,1047,ga_ls,X-n101-k25,60,21370,60,1,535.1,141.9,,,1.014,1.014,,,False,
bench_core_v1,1048,sa,X-n101-k25,60,21370,60,1,1272,,,,1.004,,,,False,
bench_core_v1,1049,rr_ls,X-n101-k25,60,21370,60.01,1,266.6,67.06,,,1.001,1.002,,,False,
bench_core_v1,1050,ortools,X-n101-k25,60,21370,59.91,0.9985,,,,,,,,,False,
bench_core_v1,1051,qpso,X-n101-k25,60,21371,60.01,1,107.4,26.66,,,0.9676,0.9696,,,False,
bench_core_v1,1052,pso_ls,X-n101-k25,60,21371,60,1,230.6,58.05,,,1.012,1.014,,,False,
bench_core_v1,1053,ga_ls,X-n101-k25,60,21371,60.01,1,525.7,139.5,,,0.9966,0.997,,,False,
bench_core_v1,1054,sa,X-n101-k25,60,21371,60,1,1289,,,,1.017,,,,False,
bench_core_v1,1055,rr_ls,X-n101-k25,60,21371,60.01,1,266.6,67.11,,,1.001,1.002,,,False,
bench_core_v1,1056,ortools,X-n101-k25,60,21371,59.91,0.9985,,,,,,,,,False,
bench_core_v1,1057,qpso,X-n101-k25,60,21372,60,1,116.8,28.9,,,1.052,1.051,,,False,
bench_core_v1,1058,pso_ls,X-n101-k25,60,21372,60.01,1,244.6,61.54,,,1.073,1.075,,,False,
bench_core_v1,1059,ga_ls,X-n101-k25,60,21372,60.01,1,522.8,138.7,,,0.9911,0.991,,,False,
bench_core_v1,1060,sa,X-n101-k25,60,21372,60.01,1,1254,,,,0.9896,,,,False,
bench_core_v1,1061,rr_ls,X-n101-k25,60,21372,60.01,1,264,66.41,,,0.9913,0.992,,,False,
bench_core_v1,1062,ortools,X-n101-k25,60,21372,59.91,0.9985,,,,,,,,,False,
bench_core_v1,1063,qpso,X-n101-k25,60,21373,60,1,110.9,27.45,,,0.9989,0.9982,,,False,
bench_core_v1,1064,pso_ls,X-n101-k25,60,21373,60.01,1,241.3,60.66,,,1.059,1.059,,,False,
bench_core_v1,1065,ga_ls,X-n101-k25,60,21373,60,1,522.5,138.7,,,0.9906,0.991,,,False,
bench_core_v1,1066,sa,X-n101-k25,60,21373,60.01,1,1261,,,,0.9952,,,,False,
bench_core_v1,1067,rr_ls,X-n101-k25,60,21373,60,1,318,79.99,,,1.194,1.195,,,False,
bench_core_v1,1068,ortools,X-n101-k25,60,21373,59.9,0.9984,,,,,,,,,False,
bench_core_v1,1069,qpso,X-n101-k25,60,21374,60,1,129,32.06,,,1.162,1.166,,,False,
bench_core_v1,1070,pso_ls,X-n101-k25,60,21374,60.01,1,272.6,68.66,,,1.196,1.199,,,False,
bench_core_v1,1071,ga_ls,X-n101-k25,60,21374,60,1,631.3,167.5,,,1.197,1.197,,,False,
bench_core_v1,1072,sa,X-n101-k25,60,21374,60,1,1528,,,,1.205,,,,False,
bench_core_v1,1073,rr_ls,X-n101-k25,60,21374,60,1,392.6,98.94,,,1.474,1.478,,,False,
bench_core_v1,1074,ortools,X-n101-k25,60,21374,59.9,0.9984,,,,,,,,,False,
bench_core_v1,1075,rr_ls,CMT5,60,20361,60.01,1,146,36.63,6.205e+06,1.791e+09,3.174,3.225,1.074,,False,16:17
bench_core_v1,1076,sa,CMT5,60,20361,60.01,1,812.4,,4.09e+06,1.791e+09,2.995,,0.7076,calib 0.71x,True,16:17
bench_core_v1,1077,ga_ls,CMT5,60,20362,60,1,496.3,131.6,4.705e+06,1.791e+09,3.091,3.101,0.814,,False,16:17
bench_core_v1,1078,pso_ls,CMT5,60,20362,60.01,1,86.65,21.6,6.635e+06,1.791e+09,2.709,2.758,1.148,,False,16:17
bench_core_v1,1079,qpso,CMT5,60,20363,60,1,92.33,22.83,5.78e+06,1.791e+09,2.815,2.853,1,,False,16:17
bench_core_v1_noqubo,0,qpso_noqubo,A-n32-k5,30,15345,30.01,1,1486,363.2,,1.791e+09,1.033,1.033,,,False,15:19
bench_core_v1_noqubo,1,qpso_noqubo,A-n32-k5,30,15346,30,1,1399,341.6,,1.791e+09,0.9723,0.9714,,,False,15:19
bench_core_v1_noqubo,2,qpso_noqubo,A-n32-k5,30,15347,30,1,1407,343.8,,1.791e+09,0.9781,0.9777,,,False,15:19
bench_core_v1_noqubo,3,qpso_noqubo,A-n32-k5,30,15349,30,1,1461,359.1,,1.791e+09,1.016,1.021,,,False,15:19
bench_core_v1_noqubo,4,qpso_noqubo,A-n32-k5,30,15348,30,1,1474,360.6,,1.791e+09,1.025,1.025,,,False,15:19
bench_core_v1_noqubo,5,qpso_noqubo,A-n32-k5,30,15350,30,1,1458,354.5,,1.791e+09,1.013,1.008,,,False,15:19
bench_core_v1_noqubo,6,qpso_noqubo,A-n32-k5,30,15351,30,1,1390,340.3,,1.791e+09,0.9663,0.968,,,False,15:19
bench_core_v1_noqubo,7,qpso_noqubo,A-n32-k5,30,15352,30,1,1417,345.7,,1.791e+09,0.9848,0.9833,,,False,15:19
bench_core_v1_noqubo,8,qpso_noqubo,A-n32-k5,30,15353,30,1,1440,352.4,,1.791e+09,1.001,1.002,,,False,15:19
bench_core_v1_noqubo,9,qpso_noqubo,A-n32-k5,30,15354,30,1,1622,396.9,,1.791e+09,1.128,1.129,,,False,15:19
bench_core_v1_noqubo,10,qpso_noqubo,A-n32-k5,30,15355,30,1,1575,385.8,,1.791e+09,1.095,1.097,,,False,15:19
bench_core_v1_noqubo,11,qpso_noqubo,A-n32-k5,30,15356,30,1,1392,339,,1.791e+09,0.9676,0.9642,,,False,15:20
bench_core_v1_noqubo,12,qpso_noqubo,A-n32-k5,30,15357,30,1,1444,352.5,,1.791e+09,1.004,1.002,,,False,15:20
bench_core_v1_noqubo,13,qpso_noqubo,A-n32-k5,30,15358,30,1,1419,346.2,,1.791e+09,0.9867,0.9846,,,False,15:20
bench_core_v1_noqubo,14,qpso_noqubo,A-n32-k5,30,15359,30,1,1389,340.2,,1.791e+09,0.9658,0.9675,,,False,15:20
bench_core_v1_noqubo,15,qpso_noqubo,A-n32-k5,30,15360,30,1,1358,332,,1.791e+09,0.9443,0.9441,,,False,15:20
bench_core_v1_noqubo,16,qpso_noqubo,A-n32-k5,30,15361,30,1,1373,336,,1.791e+09,0.9546,0.9556,,,False,15:20
bench_core_v1_noqubo,17,qpso_noqubo,A-n32-k5,30,15362,30,1,1437,350.8,,1.791e+09,0.999,0.9978,,,False,15:20
bench_core_v1_noqubo,18,qpso_noqubo,A-n32-k5,30,15363,30,1,1487,364.3,,1.791e+09,1.034,1.036,,,False,15:20
bench_core_v1_noqubo,19,qpso_noqubo,A-n32-k5,30,15364,30,1,1428,349.6,,1.791e+09,0.9925,0.9944,,,False,15:20
bench_core_v1_noqubo,20,qpso_noqubo,A-n32-k5,30,15365,30,1,1418,346.4,,1.791e+09,0.9857,0.9852,,,False,15:20
bench_core_v1_noqubo,21,qpso_noqubo,A-n32-k5,30,15366,30,1,1366,333.7,,1.791e+09,0.9494,0.9489,,,False,15:20
bench_core_v1_noqubo,22,qpso_noqubo,A-n32-k5,30,15367,30,1,1428,349.1,,1.791e+09,0.9927,0.9929,,,False,15:20
bench_core_v1_noqubo,23,qpso_noqubo,A-n32-k5,30,15368,30,1,1468,359.2,,1.791e+09,1.021,1.022,,,False,15:20
bench_core_v1_noqubo,24,qpso_noqubo,A-n32-k5,30,15369,30,1,1463,358.8,,1.791e+09,1.017,1.021,,,False,15:20
bench_core_v1_noqubo,25,qpso_noqubo,A-n32-k5,30,15370,30,1,1500,366.9,,1.791e+09,1.043,1.044,,,False,15:20
bench_core_v1_noqubo,26,qpso_noqubo,A-n32-k5,30,15371,30,1,1487,362.9,,1.791e+09,1.034,1.032,,,False,15:20
bench_core_v1_noqubo,27,qpso_noqubo,A-n32-k5,30,15372,30,1,1447,353.5,,1.791e+09,1.006,1.005,,,False,15:20
bench_core_v1_noqubo,28,qpso_noqubo,A-n32-k5,30,15373,30,1,1542,376.4,,1.791e+09,1.072,1.07,,,False,15:20
bench_core_v1_noqubo,29,qpso_noqubo,A-n32-k5,30,15374,30,1,1428,348.8,,1.791e+09,0.9928,0.9919,,,False,15:20
bench_core_v1_noqubo,30,qpso_noqubo,A-n63-k9,30,17345,30,1,637.2,155.9,,1.791e+09,0.9649,0.9661,,,False,15:20
bench_core_v1_noqubo,31,qpso_noqubo,A-n63-k9,30,17346,30,1,637.8,155.8,,1.791e+09,0.9657,0.9654,,,False,15:20
bench_core_v1_noqubo,32,qpso_noqubo,A-n63-k9,30,17347,30,1,635.1,155.5,,1.791e+09,0.9617,0.964,,,False,15:20
bench_core_v1_noqubo,33,qpso_noqubo,A-n63-k9,30,17348,30,1,636.6,155.2,,1.791e+09,0.9639,0.9618,,,False,15:21
bench_core_v1_noqubo,34,qpso_noqubo,A-n63-k9,30,17349,30.01,1,671.3,163.5,,1.791e+09,1.016,1.013,,,False,15:21
bench_core_v1_noqubo,35,qpso_noqubo,A-n63-k9,30,17350,30,1,644.9,157.6,,1.791e+09,0.9765,0.9768,,,False,15:21
bench_core_v1_noqubo,36,qpso_noqubo,A-n63-k9,30,17351,30.01,1,706.6,173.6,,1.791e+09,1.07,1.076,,,False,15:21
bench_core_v1_noqubo,37,qpso_noqubo,A-n63-k9,30,17352,30,1,661.9,161.6,,1.791e+09,1.002,1.001,,,False,15:21
bench_core_v1_noqubo,38,qpso_noqubo,A-n63-k9,30,17353,30,1,642.1,157.2,,1.791e+09,0.9723,0.9743,,,False,15:21
bench_core_v1_noqubo,39,qpso_noqubo,A-n63-k9,30,17354,30,1,681.5,166.3,,1.791e+09,1.032,1.031,,,False,15:21
bench_core_v1_noqubo,40,qpso_noqubo,A-n63-k9,30,17355,30,1,667.6,163.4,,1.791e+09,1.011,1.013,,,False,15:21
bench_core_v1_noqubo,41,qpso_noqubo,A-n63-k9,30,17356,30,1,641.3,155.9,,1.791e+09,0.971,0.9661,,,False,15:21
bench_core_v1_noqubo,42,qpso_noqubo,A-n63-k9,30,17357,30,1,635,154.5,,1.791e+09,0.9616,0.9576,,,False,15:21
bench_core_v1_noqubo,43,qpso_noqubo,A-n63-k9,30,17358,30,1,633,154.1,,1.791e+09,0.9584,0.9552,,,False,15:21
bench_core_v1_noqubo,44,qpso_noqubo,A-n63-k9,30,17359,30,1,674.9,164.9,,1.791e+09,1.022,1.022,,,False,15:21
bench_core_v1_noqubo,45,qpso_noqubo,A-n63-k9,30,17360,30.01,1,640.5,156.4,,1.791e+09,0.9698,0.9693,,,False,15:21
bench_core_v1_noqubo,46,qpso_noqubo,A-n63-k9,30,17361,30,1,679.1,166.1,,1.791e+09,1.028,1.029,,,False,15:21
bench_core_v1_noqubo,47,qpso_noqubo,A-n63-k9,30,17362,30,1,686,167.9,,1.791e+09,1.039,1.04,,,False,15:21
bench_core_v1_noqubo,48,qpso_noqubo,A-n63-k9,30,17363,30,1,678.7,165.4,,1.791e+09,1.028,1.025,,,False,15:21
bench_core_v1_noqubo,49,qpso_noqubo,A-n63-k9,30,17364,30,1,687.2,167.4,,1.791e+09,1.04,1.038,,,False,15:21
bench_core_v1_noqubo,50,qpso_noqubo,A-n63-k9,30,17365,30,1,660.7,160.9,,1.791e+09,1,0.9973,,,False,15:21
bench_core_v1_noqubo,51,qpso_noqubo,A-n63-k9,30,17366,30.01,1,677.6,166.1,,1.791e+09,1.026,1.029,,,False,15:21
bench_core_v1_noqubo,52,qpso_noqubo,A-n63-k9,30,17367,30,1,674.9,164.4,,1.791e+09,1.022,1.019,,,False,15:21
bench_core_v1_noqubo,53,qpso_noqubo,A-n63-k9,30,17368,30,1,660.1,161.1,,1.791e+09,0.9996,0.9985,,,False,15:21
bench_core_v1_noqubo,54,qpso_noqubo,A-n63-k9,30,17369,30.01,1,704.6,172.2,,1.791e+09,1.067,1.067,,,False,15:21
bench_core_v1_noqubo,55,qpso_noqubo,A-n63-k9,30,17370,30,1,659.6,162.3,,1.791e+09,0.9988,1.006,,,False,15:22
bench_core_v1_noqubo,56,qpso_noqubo,A-n63-k9,30,17371,30,1,645.3,158.5,,1.791e+09,0.9771,0.9822,,,False,15:22
bench_core_v1_noqubo,57,qpso_noqubo,A-n63-k9,30,17372,30,1,666.3,162.6,,1.791e+09,1.009,1.008,,,False,15:22
bench_core_v1_noqubo,58,qpso_noqubo,A-n63-k9,30,17373,30.01,1,658.4,160.3,,1.791e+09,0.9969,0.9937,,,False,15:22
bench_core_v1_noqubo,59,qpso_noqubo,A-n63-k9,30,17374,30,1,646.3,159,,1.791e+09,0.9786,0.9855,,,False,15:22
bench_core_v1_noqubo,60,qpso_noqubo,A-n80-k10,30,18345,30,1,461.6,112.9,,1.791e+09,1.118,1.114,,,False,15:22
bench_core_v1_noqubo,61,qpso_noqubo,A-n80-k10,30,18346,30,1,438.5,107.4,,1.791e+09,1.062,1.06,,,False,15:22
bench_core_v1_noqubo,62,qpso_noqubo,A-n80-k10,30,18347,30,1,421.4,103.8,,1.791e+09,1.021,1.024,,,False,15:22
bench_core_v1_noqubo,63,qpso_noqubo,A-n80-k10,30,18348,30,1,457.8,112,,1.791e+09,1.109,1.106,,,False,15:22
bench_core_v1_noqubo,64,qpso_noqubo,A-n80-k10,30,18349,30,1,419.5,103,,1.791e+09,1.016,1.017,,,False,15:22
bench_core_v1_noqubo,65,qpso_noqubo,A-n80-k10,30,18350,30,1,461,113.3,,1.791e+09,1.117,1.118,,,False,15:22
bench_core_v1_noqubo,66,qpso_noqubo,A-n80-k10,30,18351,30,1,412.3,102.4,,1.791e+09,0.9991,1.01,,,False,15:22
bench_core_v1_noqubo,67,qpso_noqubo,A-n80-k10,30,18352,30,1,405.5,99.32,,1.791e+09,0.9826,0.9805,,,False,15:22
bench_core_v1_noqubo,68,qpso_noqubo,A-n80-k10,30,18353,30,1,443.5,109.1,,1.791e+09,1.075,1.077,,,False,15:22
bench_core_v1_noqubo,69,qpso_noqubo,A-n80-k10,30,18355,30,1,417.5,102,,1.791e+09,1.012,1.007,,,False,15:22
bench_core_v1_noqubo,70,qpso_noqubo,A-n80-k10,30,18354,30.01,1,420.3,102.4,,1.791e+09,1.018,1.011,,,False,15:22
bench_core_v1_noqubo,71,qpso_noqubo,A-n80-k10,30,18356,30,1,415.2,101.9,,1.791e+09,1.006,1.005,,,False,15:22
bench_core_v1_noqubo,72,qpso_noqubo,A-n80-k10,30,18357,30.01,1,408.7,100.8,,1.791e+09,0.9903,0.9948,,,False,15:22
bench_core_v1_noqubo,73,qpso_noqubo,A-n80-k10,30,18358,30.01,1,450,110.1,,1.791e+09,1.09,1.087,,,False,15:22
bench_core_v1_noqubo,74,qpso_noqubo,A-n80-k10,30,18359,30.01,1,442.4,108.7,,1.791e+09,1.072,1.074,,,False,15:22
bench_core_v1_noqubo,75,qpso_noqubo,A-n80-k10,30,18360,30.01,1,407.1,100.3,,1.791e+09,0.9864,0.9903,,,False,15:22
bench_core_v1_noqubo,76,qpso_noqubo,A-n80-k10,30,18361,30,1,400.9,98.33,,1.791e+09,0.9713,0.9707,,,False,15:22
bench_core_v1_noqubo,77,qpso_noqubo,A-n80-k10,30,18362,30,1,410.1,100.3,,1.791e+09,0.9936,0.9904,,,False,15:23
bench_core_v1_noqubo,78,qpso_noqubo,A-n80-k10,30,18363,30.01,1,390.8,95.81,,1.791e+09,0.9468,0.9459,,,False,15:23
bench_core_v1_noqubo,79,qpso_noqubo,A-n80-k10,30,18364,30,1,402.3,98.22,,1.791e+09,0.9749,0.9696,,,False,15:23
bench_core_v1_noqubo,80,qpso_noqubo,A-n80-k10,30,18366,30,1,388.5,95.62,,1.791e+09,0.9414,0.9439,,,False,15:23
bench_core_v1_noqubo,81,qpso_noqubo,A-n80-k10,30,18365,30,1,402.1,98.66,,1.791e+09,0.9744,0.9739,,,False,15:23
bench_core_v1_noqubo,82,qpso_noqubo,A-n80-k10,30,18367,30.01,1,417,102.3,,1.791e+09,1.01,1.01,,,False,15:23
bench_core_v1_noqubo,83,qpso_noqubo,A-n80-k10,30,18368,30.01,1,388,94.81,,1.791e+09,0.9401,0.936,,,False,15:23
bench_core_v1_noqubo,84,qpso_noqubo,A-n80-k10,30,18369,30.01,1,415.1,101.5,,1.791e+09,1.006,1.002,,,False,15:23
bench_core_v1_noqubo,85,qpso_noqubo,A-n80-k10,30,18370,30,1,413.1,101.1,,1.791e+09,1.001,0.9982,,,False,15:23
bench_core_v1_noqubo,86,qpso_noqubo,A-n80-k10,30,18371,30,1,388.1,95.46,,1.791e+09,0.9404,0.9423,,,False,15:23
bench_core_v1_noqubo,87,qpso_noqubo,A-n80-k10,30,18372,30,1,398,97.29,,1.791e+09,0.9643,0.9604,,,False,15:23
bench_core_v1_noqubo,88,qpso_noqubo,A-n80-k10,30,18373,30.01,1,376.5,92.55,,1.791e+09,0.9124,0.9136,,,False,15:23
bench_core_v1_noqubo,89,qpso_noqubo,A-n80-k10,30,18374,30.01,1,401,98.65,,1.791e+09,0.9716,0.9738,,,False,15:23
bench_core_v1_noqubo,90,qpso_noqubo,CMT1,30,19345,30.01,1,766.2,188.8,,1.791e+09,0.9961,1.001,,,False,15:23
bench_core_v1_noqubo,91,qpso_noqubo,CMT1,30,19346,30,1,759.1,186.5,,1.791e+09,0.9869,0.9883,,,False,15:23
bench_core_v1_noqubo,92,qpso_noqubo,CMT1,30,19347,30,1,784.1,192.2,,1.791e+09,1.019,1.019,,,False,15:23
bench_core_v1_noqubo,93,qpso_noqubo,CMT1,30,19348,30,1,741.3,183.1,,1.791e+09,0.9638,0.9704,,,False,15:23
bench_core_v1_noqubo,94,qpso_noqubo,CMT1,30,19349,30,1,742.9,181.8,,1.791e+09,0.9659,0.9632,,,False,15:23
bench_core_v1_noqubo,95,qpso_noqubo,CMT1,30,19350,30,1,762.9,185.9,,1.791e+09,0.9919,0.9848,,,False,15:23
bench_core_v1_noqubo,96,qpso_noqubo,CMT1,30,19351,30,1,755.8,185.6,,1.791e+09,0.9827,0.9834,,,False,15:23
bench_core_v1_noqubo,97,qpso_noqubo,CMT1,30,19352,30,1,747.1,183.2,,1.791e+09,0.9714,0.9705,,,False,15:23
bench_core_v1_noqubo,98,qpso_noqubo,CMT1,30,19353,30,1,761.8,186.2,,1.791e+09,0.9905,0.9866,,,False,15:23
bench_core_v1_noqubo,99,qpso_noqubo,CMT1,30,19354,30,1,782.8,192.6,,1.791e+09,1.018,1.02,,,False,15:24
bench_core_v1_noqubo,100,qpso_noqubo,CMT1,30,19355,30,1,714.5,175.4,,1.791e+09,0.9289,0.9295,,,False,15:24
bench_core_v1_noqubo,101,qpso_noqubo,CMT1,30,19356,30,1,762,185.4,,1.791e+09,0.9907,0.9822,,,False,15:24
bench_core_v1_noqubo,102,qpso_noqubo,CMT1,30,19357,30,1,759.9,185.2,,1.791e+09,0.988,0.9815,,,False,15:24
bench_core_v1_noqubo,103,qpso_noqubo,CMT1,30,19358,30,1,769.8,188.6,,1.791e+09,1.001,0.9994,,,False,15:24
bench_core_v1_noqubo,104,qpso_noqubo,CMT1,30,19359,30,1,739.5,181.8,,1.791e+09,0.9615,0.9632,,,False,15:24
bench_core_v1_noqubo,105,qpso_noqubo,CMT1,30,19360,30,1,768.5,188.3,,1.791e+09,0.9992,0.9977,,,False,15:24
bench_core_v1_noqubo,106,qpso_noqubo,CMT1,30,19361,30,1,765.7,187.4,,1.791e+09,0.9955,0.9928,,,False,15:24
bench_core_v1_noqubo,107,qpso_noqubo,CMT1,30,19362,30,1,783.5,191.9,,1.791e+09,1.019,1.017,,,False,15:24
bench_core_v1_noqubo,108,qpso_noqubo,CMT1,30,19363,30,1,795.5,194.4,,1.791e+09,1.034,1.03,,,False,15:24
bench_core_v1_noqubo,109,qpso_noqubo,CMT1,30,19364,30,1,751.6,184.1,,1.791e+09,0.9772,0.9757,,,False,15:24
bench_core_v1_noqubo,110,qpso_noqubo,CMT1,30,19365,30,1,782.9,191.9,,1.791e+09,1.018,1.017,,,False,15:24
bench_core_v1_noqubo,111,qpso_noqubo,CMT1,30,19366,30.01,1,864.1,212.1,,1.791e+09,1.123,1.124,,,False,15:24
bench_core_v1_noqubo,112,qpso_noqubo,CMT1,30,19367,30,1,841.1,207.4,,1.791e+09,1.094,1.099,,,False,15:24
bench_core_v1_noqubo,113,qpso_noqubo,CMT1,30,19368,30,1,801.4,196.1,,1.791e+09,1.042,1.039,,,False,15:24
bench_core_v1_noqubo,114,qpso_noqubo,CMT1,30,19369,30,1,822.3,201.6,,1.791e+09,1.069,1.068,,,False,15:24
bench_core_v1_noqubo,115,qpso_noqubo,CMT1,30,19370,30,1,815.3,200,,1.791e+09,1.06,1.06,,,False,15:24
bench_core_v1_noqubo,116,qpso_noqubo,CMT1,30,19371,30,1,835.5,205.4,,1.791e+09,1.086,1.088,,,False,15:24
bench_core_v1_noqubo,117,qpso_noqubo,CMT1,30,19372,30,1,802.2,196.5,,1.791e+09,1.043,1.041,,,False,15:24
bench_core_v1_noqubo,118,qpso_noqubo,CMT1,30,19373,30.01,1,816.3,199.8,,1.791e+09,1.061,1.059,,,False,15:24
bench_core_v1_noqubo,119,qpso_noqubo,CMT1,30,19374,30,1,793.9,193.6,,1.791e+09,1.032,1.026,,,False,15:24
bench_core_v1_noqubo,120,qpso_noqubo,CMT5,60,20345,60.01,1,40.97,10.03,,1.791e+09,1.15,1.152,,,False,15:24
bench_core_v1_noqubo,121,qpso_noqubo,CMT5,60,20346,60.03,1,32.75,7.963,,1.791e+09,0.9195,0.9146,,,False,15:25
bench_core_v1_noqubo,122,qpso_noqubo,CMT5,60,20348,60.01,1,37.34,9.131,,1.791e+09,1.048,1.049,,,False,15:25
bench_core_v1_noqubo,123,qpso_noqubo,CMT5,60,20347,60.03,1,34.82,8.429,,1.791e+09,0.9775,0.9682,,,False,15:25
bench_core_v1_noqubo,124,qpso_noqubo,CMT5,60,20349,60.01,1,37.04,8.949,,1.791e+09,1.04,1.028,,,False,15:25
bench_core_v1_noqubo,125,qpso_noqubo,CMT5,60,20350,60.02,1,35.54,8.697,,1.791e+09,0.9978,0.9989,,,False,15:25
bench_core_v1_noqubo,126,qpso_noqubo,CMT5,60,20351,60.01,1,35.73,8.765,,1.791e+09,1.003,1.007,,,False,15:25
bench_core_v1_noqubo,127,qpso_noqubo,CMT5,60,20352,60.03,1.001,31.98,7.762,,1.791e+09,0.898,0.8916,,,False,15:25
bench_core_v1_noqubo,128,qpso_noqubo,CMT5,60,20353,60.02,1,32.14,7.914,,1.791e+09,0.9023,0.9089,,,False,15:25
bench_core_v1_noqubo,129,qpso_noqubo,CMT5,60,20354,60.02,1,34.16,8.281,,1.791e+09,0.959,0.9512,,,False,15:25
bench_core_v1_noqubo,130,qpso_noqubo,CMT5,60,20355,60.01,1,34.49,8.399,,1.791e+09,0.9685,0.9647,,,False,15:25
bench_core_v1_noqubo,131,qpso_noqubo,CMT5,60,20356,60.01,1,37.59,9.232,,1.791e+09,1.056,1.06,,,False,15:25
bench_core_v1_noqubo,132,qpso_noqubo,CMT5,60,20357,60.02,1,36.67,9.064,,1.791e+09,1.03,1.041,,,False,15:26
bench_core_v1_noqubo,133,qpso_noqubo,CMT5,60,20358,60.02,1,34.47,8.314,,1.791e+09,0.9679,0.955,,,False,15:26
bench_core_v1_noqubo,134,qpso_noqubo,CMT5,60,20359,60.02,1,41.04,10.06,,1.791e+09,1.152,1.156,,,False,15:26
bench_core_v1_noqubo,135,qpso_noqubo,CMT5,60,20360,60.02,1,39.64,9.714,,1.791e+09,1.113,1.116,,,False,15:26
bench_core_v1_noqubo,136,qpso_noqubo,CMT5,60,20361,60.01,1,36.79,8.848,,1.791e+09,1.033,1.016,,,False,15:26
bench_core_v1_noqubo,137,qpso_noqubo,CMT5,60,20362,60.02,1,38.95,9.48,,1.791e+09,1.094,1.089,,,False,15:26
bench_core_v1_noqubo,138,qpso_noqubo,CMT5,60,20363,60.01,1,32.19,7.832,,1.791e+09,0.9039,0.8996,,,False,15:26
bench_core_v1_noqubo,139,qpso_noqubo,CMT5,60,20364,60.01,1,38.66,9.365,,1.791e+09,1.085,1.076,,,False,15:26
bench_core_v1_noqubo,140,qpso_noqubo,CMT5,60,20365,60.01,1,36.49,8.898,,1.791e+09,1.025,1.022,,,False,15:26
bench_core_v1_noqubo,141,qpso_noqubo,CMT5,60,20366,60.01,1,36.78,8.965,,1.791e+09,1.033,1.03,,,False,15:26
bench_core_v1_noqubo,142,qpso_noqubo,CMT5,60,20367,60.01,1,35.7,8.716,,1.791e+09,1.002,1.001,,,False,15:26
bench_core_v1_noqubo,143,qpso_noqubo,CMT5,60,20368,60.01,1,35.06,8.532,,1.791e+09,0.9844,0.9799,,,False,15:27
bench_core_v1_noqubo,144,qpso_noqubo,CMT5,60,20369,60.01,1,32.88,8.082,,1.791e+09,0.9231,0.9283,,,False,15:27
bench_core_v1_noqubo,145,qpso_noqubo,CMT5,60,20370,60.01,1,38.15,9.349,,1.791e+09,1.071,1.074,,,False,15:27
bench_core_v1_noqubo,146,qpso_noqubo,CMT5,60,20371,60.01,1,35.43,8.632,,1.791e+09,0.9947,0.9915,,,False,15:27
bench_core_v1_noqubo,147,qpso_noqubo,CMT5,60,20372,60.01,1,34.66,8.432,,1.791e+09,0.9732,0.9685,,,False,15:27
bench_core_v1_noqubo,148,qpso_noqubo,CMT5,60,20373,60.01,1,30.66,7.482,,1.791e+09,0.8608,0.8593,,,False,15:27
bench_core_v1_noqubo,149,qpso_noqubo,CMT5,60,20374,60.01,1,32.01,7.815,,1.791e+09,0.8988,0.8977,,,False,15:27
bench_core_v1_noqubo,150,qpso_noqubo,X-n101-k25,60,21345,60.01,1,230.8,57.25,,1.791e+09,0.9779,0.9755,,,False,15:27
bench_core_v1_noqubo,151,qpso_noqubo,X-n101-k25,60,21346,60,1,227.9,56.9,,1.791e+09,0.9656,0.9695,,,False,15:27
bench_core_v1_noqubo,152,qpso_noqubo,X-n101-k25,60,21347,60.01,1,217.4,53.86,,1.791e+09,0.9212,0.9178,,,False,15:27
bench_core_v1_noqubo,153,qpso_noqubo,X-n101-k25,60,21348,60.01,1,220.4,55.01,,1.791e+09,0.9338,0.9374,,,False,15:27
bench_core_v1_noqubo,154,qpso_noqubo,X-n101-k25,60,21349,60.01,1,253.7,63.18,,1.791e+09,1.075,1.077,,,False,15:28
bench_core_v1_noqubo,155,qpso_noqubo,X-n101-k25,60,21351,60.01,1,232.1,57.82,,1.791e+09,0.9838,0.9853,,,False,15:28
bench_core_v1_noqubo,156,qpso_noqubo,X-n101-k25,60,21350,60.01,1,235.7,58.44,,1.791e+09,0.9987,0.9959,,,False,15:28
bench_core_v1_noqubo,157,qpso_noqubo,X-n101-k25,60,21352,60.01,1,255.7,63.26,,1.791e+09,1.084,1.078,,,False,15:28
bench_core_v1_noqubo,158,qpso_noqubo,X-n101-k25,60,21353,60.01,1,238.8,59.04,,1.791e+09,1.012,1.006,,,False,15:28
bench_core_v1_noqubo,159,qpso_noqubo,X-n101-k25,60,21354,60.01,1,246.7,61.19,,1.791e+09,1.045,1.043,,,False,15:28
bench_core_v1_noqubo,160,qpso_noqubo,X-n101-k25,60,21355,60.01,1,232.1,57.74,,1.791e+09,0.9837,0.984,,,False,15:28
bench_core_v1_noqubo,161,qpso_noqubo,X-n101-k25,60,21356,60.01,1,239.8,59.59,,1.791e+09,1.016,1.016,,,False,15:28
bench_core_v1_noqubo,162,qpso_noqubo,X-n101-k25,60,21357,60.01,1,246.3,61.01,,1.791e+09,1.044,1.04,,,False,15:28
bench_core_v1_noqubo,163,qpso_noqubo,X-n101-k25,60,21358,60.01,1,236.2,58.74,,1.791e+09,1.001,1.001,,,False,15:28
bench_core_v1_noqubo,164,qpso_noqubo,X-n101-k25,60,21359,60.01,1,234.5,58.38,,1.791e+09,0.9936,0.9948,,,False,15:28
bench_core_v1_noqubo,165,qpso_noqubo,X-n101-k25,60,21360,60.01,1,236,58.54,,1.791e+09,1,0.9976,,,False,15:29
bench_core_v1_noqubo,166,qpso_noqubo,X-n101-k25,60,21362,60.01,1,235.9,58.91,,1.791e+09,0.9997,1.004,,,False,15:29
bench_core_v1_noqubo,167,qpso_noqubo,X-n101-k25,60,21361,60.01,1,229.6,57.39,,1.791e+09,0.973,0.978,,,False,15:29
bench_core_v1_noqubo,168,qpso_noqubo,X-n101-k25,60,21363,60.01,1,239.9,59.89,,1.791e+09,1.017,1.021,,,False,15:29
bench_core_v1_noqubo,169,qpso_noqubo,X-n101-k25,60,21364,60.01,1,227.3,56.56,,1.791e+09,0.9633,0.9638,,,False,15:29
bench_core_v1_noqubo,170,qpso_noqubo,X-n101-k25,60,21365,60.01,1,238,59.19,,1.791e+09,1.008,1.009,,,False,15:29
bench_core_v1_noqubo,171,qpso_noqubo,X-n101-k25,60,21366,60.01,1,235.9,58.62,,1.791e+09,0.9997,0.999,,,False,15:29
bench_core_v1_noqubo,172,qpso_noqubo,X-n101-k25,60,21367,60,1,231.6,57.58,,1.791e+09,0.9813,0.9812,,,False,15:29
bench_core_v1_noqubo,173,qpso_noqubo,X-n101-k25,60,21368,60,1,230.6,57.23,,1.791e+09,0.9774,0.9752,,,False,15:29
bench_core_v1_noqubo,174,qpso_noqubo,X-n101-k25,60,21369,60,1,234,58.35,,1.791e+09,0.9917,0.9943,,,False,15:29
bench_core_v1_noqubo,175,qpso_noqubo,X-n101-k25,60,21370,60,1,317.3,78.95,,1.791e+09,1.344,1.345,,,False,15:29
bench_core_v1_noqubo,176,qpso_noqubo,X-n101-k25,60,21371,60,1,391.2,97.46,,1.791e+09,1.658,1.661,,,False,15:30
bench_core_v1_noqubo,177,qpso_noqubo,X-n101-k25,60,21373,60,1,412.6,102.6,,1.791e+09,1.748,1.748,,,False,15:30
bench_core_v1_noqubo,178,qpso_noqubo,X-n101-k25,60,21372,60,1,397.3,98.54,,1.791e+09,1.684,1.679,,,False,15:30
bench_core_v1_noqubo,179,qpso_noqubo,X-n101-k25,60,21374,60.01,1,397,98.97,,1.791e+09,1.682,1.687,,,False,15:30
ablation,0,a7_full,A-n63-k9,30,17345,30,1,226.7,55.13,1.555e+06,1.791e+09,0.9986,0.9997,1.049,,False,15:32
ablation,1,a3_adaptive_alpha,A-n63-k9,30,17345,30,1,1699,4.266,1.545e+06,1.791e+09,0.9904,0.9924,1.042,,False,15:32
ablation,2,a6_qubo,A-n63-k9,30,17345,30,1,218.3,52.96,1.52e+06,1.791e+09,0.9565,0.9619,1.025,,False,15:32
ablation,3,rr_ls,A-n63-k9,30,17345,30,1,650.6,163.9,1.465e+06,1.791e+09,0.9659,0.9663,0.9882,,False,15:32
ablation,4,a4_memetic_ls,A-n63-k9,30,17345,30,1,630.6,158.9,1.6e+06,1.791e+09,0.9806,0.9811,1.079,,False,15:32
ablation,5,a0_base,A-n63-k9,30,17345,30,1,1667,4.166,1.515e+06,1.791e+09,0.9831,0.9804,1.022,,False,15:32
ablation,6,a1_rank_mbest,A-n63-k9,30,17345,30,1,1679,4.2,1.54e+06,1.791e+09,0.9954,0.9922,1.039,,False,15:32
ablation,7,a2_sobol,A-n63-k9,30,17345,30,1,1644,4.133,1.465e+06,1.791e+09,0.9642,0.9649,0.9882,,False,15:32
ablation,8,pso_ls,A-n63-k9,30,17345,30,1,635.9,160.2,1.58e+06,1.791e+09,0.9559,0.9562,1.066,,False,15:32
ablation,9,a5_tunneling,A-n63-k9,30,17345,30,1,626,153.2,1.5e+06,1.791e+09,0.9462,0.9456,1.012,,False,15:32
ablation,10,a6_qubo,A-n63-k9,30,17346,30,1,221,54.46,1.495e+06,1.791e+09,0.9683,0.9891,1.008,,False,15:32
ablation,11,rr_ls,A-n63-k9,30,17346,30,1,663.9,167.2,1.55e+06,1.791e+09,0.9857,0.9859,1.046,,False,15:33
ablation,12,a5_tunneling,A-n63-k9,30,17346,30,1,648.4,158.2,1.55e+06,1.791e+09,0.9801,0.9767,1.046,,False,15:33
ablation,13,a4_memetic_ls,A-n63-k9,30,17346,30,1,628.3,158.2,1.515e+06,1.791e+09,0.977,0.9771,1.022,,False,15:33
ablation,14,a1_rank_mbest,A-n63-k9,30,17346,30,1,1702,4.266,1.545e+06,1.791e+09,1.009,1.008,1.042,,False,15:33
ablation,15,a3_adaptive_alpha,A-n63-k9,30,17346,30,1,1678,4.2,1.55e+06,1.791e+09,0.9782,0.9769,1.046,,False,15:33
ablation,16,pso_ls,A-n63-k9,30,17346,30,1,693.3,174.6,1.51e+06,1.791e+09,1.042,1.042,1.019,,False,15:33
ablation,17,a0_base,A-n63-k9,30,17346,30,1,1699,4.266,1.53e+06,1.791e+09,1.001,1.004,1.032,,False,15:33
ablation,18,a2_sobol,A-n63-k9,30,17346,30,1,1690,4.233,1.55e+06,1.791e+09,0.9912,0.9883,1.046,,False,15:33
ablation,19,a7_full,A-n63-k9,30,17346,30.01,1,223.6,55.12,1.485e+06,1.791e+09,0.9849,0.9997,1.002,,False,15:33
ablation,20,rr_ls,A-n63-k9,30,17347,30,1,663.3,167,1.455e+06,1.791e+09,0.9847,0.9845,0.9815,,False,15:33
ablation,21,a3_adaptive_alpha,A-n63-k9,30,17347,30,1,1698,4.266,1.565e+06,1.791e+09,0.9895,0.9924,1.056,,False,15:33
ablation,22,a2_sobol,A-n63-k9,30,17347,30,1,1673,4.199,1.495e+06,1.791e+09,0.9808,0.9805,1.008,,False,15:33
ablation,23,a7_full,A-n63-k9,30,17347,30,1,257.1,62.96,1.45e+06,1.791e+09,1.132,1.142,0.9781,,False,15:33
ablation,24,a4_memetic_ls,A-n63-k9,30,17347,30,1,631.4,158.9,1.515e+06,1.791e+09,0.982,0.9815,1.022,,False,15:33
ablation,25,a1_rank_mbest,A-n63-k9,30,17347,30,1,1688,4.233,1.48e+06,1.791e+09,1.001,1,0.9983,,False,15:33
ablation,26,a6_qubo,A-n63-k9,30,17347,30,1,246.8,60.59,1.545e+06,1.791e+09,1.081,1.1,1.042,,False,15:33
ablation,27,a5_tunneling,A-n63-k9,30,17347,30,1,635,155.4,1.53e+06,1.791e+09,0.9597,0.9593,1.032,,False,15:33
ablation,28,a0_base,A-n63-k9,30,17347,30.01,1,1682,4.233,1.475e+06,1.791e+09,0.9919,0.996,0.9949,,False,15:33
ablation,29,pso_ls,A-n63-k9,30,17347,30,1,640.9,161.2,1.41e+06,1.791e+09,0.9634,0.9624,0.9511,,False,15:33
ablation,30,a2_sobol,A-n63-k9,30,17348,30,1,1695,4.233,1.355e+06,1.791e+09,0.994,0.9883,0.914,,False,15:33
ablation,31,rr_ls,A-n63-k9,30,17348,30,1,655.9,165.2,1.495e+06,1.791e+09,0.9737,0.9739,1.008,,False,15:33
ablation,32,a7_full,A-n63-k9,30,17348,30,1,225.1,54.56,1.63e+06,1.791e+09,0.9915,0.9894,1.099,,False,15:33
ablation,33,a5_tunneling,A-n63-k9,30,17348,30,1,635.2,154.9,1.37e+06,1.791e+09,0.9602,0.9558,0.9241,,False,15:34
ablation,34,pso_ls,A-n63-k9,30,17348,30.01,1,672.1,169.3,1.39e+06,1.791e+09,1.01,1.011,0.9376,,False,15:34
ablation,35,a6_qubo,A-n63-k9,30,17348,30,1,214.1,51.66,1.345e+06,1.791e+09,0.9382,0.9382,0.9073,,False,15:34
ablation,36,a3_adaptive_alpha,A-n63-k9,30,17348,30,1,1674,4.2,1.45e+06,1.791e+09,0.9757,0.9769,0.9781,,False,15:34
ablation,37,a4_memetic_ls,A-n63-k9,30,17348,30,1,608.7,153.2,1.405e+06,1.791e+09,0.9465,0.9461,0.9477,,False,15:34
ablation,38,a1_rank_mbest,A-n63-k9,30,17348,30,1,1660,4.166,1.37e+06,1.791e+09,0.9841,0.9843,0.9241,,False,15:34
ablation,39,a0_base,A-n63-k9,30,17348,30,1,1674,4.2,1.4e+06,1.791e+09,0.9871,0.9883,0.9444,,False,15:34
ablation,40,a7_full,A-n63-k9,30,17349,30,1,222.5,53.23,1.415e+06,1.791e+09,0.9799,0.9653,0.9545,,False,15:34
ablation,41,pso_ls,A-n63-k9,30,17349,30,1,663.9,167.2,1.4e+06,1.791e+09,0.998,0.998,0.9444,,False,15:34
ablation,42,a4_memetic_ls,A-n63-k9,30,17349,30,1,650.6,163.6,1.515e+06,1.791e+09,1.012,1.01,1.022,,False,15:34
ablation,43,a1_rank_mbest,A-n63-k9,30,17349,30,1,1647,4.133,1.38e+06,1.791e+09,0.9762,0.9764,0.9309,,False,15:34
ablation,44,a6_qubo,A-n63-k9,30,17349,30,1,230.5,55.56,1.37e+06,1.791e+09,1.01,1.009,0.9241,,False,15:34
ablation,45,a0_base,A-n63-k9,30,17349,30,1,1694,4.233,1.455e+06,1.791e+09,0.9985,0.9961,0.9815,,False,15:34
ablation,46,a2_sobol,A-n63-k9,30,17349,30,1,1699,4.266,1.33e+06,1.791e+09,0.9961,0.9961,0.8971,,False,15:34
ablation,47,a3_adaptive_alpha,A-n63-k9,30,17349,30.01,1,1740,4.366,1.445e+06,1.791e+09,1.014,1.016,0.9747,,False,15:34
ablation,48,rr_ls,A-n63-k9,30,17349,30,1,675.9,170,1.39e+06,1.791e+09,1.003,1.003,0.9376,,False,15:34
ablation,49,a5_tunneling,A-n63-k9,30,17349,30,1,692.3,168.3,1.395e+06,1.791e+09,1.046,1.039,0.941,,False,15:34
ablation,50,pso_ls,A-n63-k9,30,17350,30,1,711.3,179.1,1.515e+06,1.791e+09,1.069,1.069,1.022,,False,15:34
ablation,51,a6_qubo,A-n63-k9,30,17350,30,1,225.9,54.56,1.525e+06,1.791e+09,0.9897,0.9909,1.029,,False,15:34
ablation,52,a4_memetic_ls,A-n63-k9,30,17350,30,1,639.9,161.2,1.58e+06,1.791e+09,0.9952,0.9957,1.066,,False,15:34
ablation,53,a2_sobol,A-n63-k9,30,17350,30,1,1738,4.366,1.52e+06,1.791e+09,1.019,1.019,1.025,,False,15:34
ablation,54,a3_adaptive_alpha,A-n63-k9,30,17350,30,1,1737,4.366,1.455e+06,1.791e+09,1.013,1.016,0.9815,,False,15:34
ablation,55,a7_full,A-n63-k9,30,17350,30.01,1,227.4,55.16,1.475e+06,1.791e+09,1.001,1,0.9949,,False,15:35
ablation,56,a0_base,A-n63-k9,30,17350,30.01,1,1722,4.332,1.465e+06,1.791e+09,1.015,1.019,0.9882,,False,15:35
ablation,57,rr_ls,A-n63-k9,30,17350,30,1,677.2,170.4,1.52e+06,1.791e+09,1.005,1.005,1.025,,False,15:35
ablation,58,a5_tunneling,A-n63-k9,30,17350,30.01,1,658.2,161.2,1.46e+06,1.791e+09,0.9949,0.9953,0.9848,,False,15:35
ablation,59,a1_rank_mbest,A-n63-k9,30,17350,30,1,1703,4.266,1.435e+06,1.791e+09,1.009,1.008,0.968,,False,15:35
ablation,60,a7_full,A-n63-k9,30,17351,30,1,277.1,67.96,1.455e+06,1.791e+09,1.221,1.232,0.9815,,False,15:35
ablation,61,a2_sobol,A-n63-k9,30,17351,30,1,1721,4.3,1.535e+06,1.791e+09,1.009,1.004,1.035,,False,15:35
ablation,62,a4_memetic_ls,A-n63-k9,30,17351,30,1,687.3,173,1.57e+06,1.791e+09,1.069,1.069,1.059,,False,15:35
ablation,63,pso_ls,A-n63-k9,30,17351,30,1,666.6,167.9,1.605e+06,1.791e+09,1.002,1.002,1.083,,False,15:35
ablation,64,a6_qubo,A-n63-k9,30,17351,30,1,278.7,68.36,1.595e+06,1.791e+09,1.221,1.242,1.076,,False,15:35
ablation,65,rr_ls,A-n63-k9,30,17351,30,1,673.9,169.7,1.595e+06,1.791e+09,1,1,1.076,,False,15:35
ablation,66,a5_tunneling,A-n63-k9,30,17351,30,1,714.7,175.7,1.27e+06,1.791e+09,1.08,1.084,0.8567,,False,15:35
ablation,67,a1_rank_mbest,A-n63-k9,30,17351,30,1,1686,4.233,1.31e+06,1.791e+09,0.9995,1,0.8836,,False,15:35
ablation,68,a3_adaptive_alpha,A-n63-k9,30,17351,30.01,1,1712,4.299,1.375e+06,1.791e+09,0.9977,1,0.9275,,False,15:35
ablation,69,a0_base,A-n63-k9,30,17351,30,1,1691,4.233,1.43e+06,1.791e+09,0.9971,0.9961,0.9646,,False,15:35
ablation,70,a6_qubo,A-n63-k9,30,17352,30,1,257.1,62.66,1.4e+06,1.791e+09,1.127,1.138,0.9444,,False,15:35
ablation,71,a7_full,A-n63-k9,30,17352,30,1,257.1,62.63,1.51e+06,1.791e+09,1.132,1.136,1.019,,False,15:35
ablation,72,a3_adaptive_alpha,A-n63-k9,30,17352,30,1,1723,4.333,1.5e+06,1.791e+09,1.004,1.008,1.012,,False,15:35
ablation,73,a5_tunneling,A-n63-k9,30,17352,30,1,673.9,164.6,1.52e+06,1.791e+09,1.019,1.016,1.025,,False,15:35
ablation,74,a2_sobol,A-n63-k9,30,17352,30,1,1712,4.3,1.565e+06,1.791e+09,1.004,1.004,1.056,,False,15:35
ablation,75,a4_memetic_ls,A-n63-k9,30,17352,30,1,659.9,166.2,1.57e+06,1.791e+09,1.026,1.027,1.059,,False,15:35
ablation,76,a0_base,A-n63-k9,30,17352,30,1,1720,4.3,1.455e+06,1.791e+09,1.014,1.012,0.9815,,False,15:35
ablation,77,a1_rank_mbest,A-n63-k9,30,17352,30,1,1745,4.366,1.56e+06,1.791e+09,1.034,1.032,1.052,,False,15:36
ablation,78,pso_ls,A-n63-k9,30,17352,30,1,708.2,178.4,1.58e+06,1.791e+09,1.065,1.065,1.066,,False,15:36
ablation,79,rr_ls,A-n63-k9,30,17352,30,1,679.9,171.1,1.545e+06,1.791e+09,1.009,1.009,1.042,,False,15:36
ablation,80,a6_qubo,A-n63-k9,30,17353,30,1,219.7,53.86,1.55e+06,1.791e+09,0.9629,0.9782,1.046,,False,15:36
ablation,81,a0_base,A-n63-k9,30,17353,30,1,1726,4.333,1.455e+06,1.791e+09,1.018,1.02,0.9815,,False,15:36
ablation,82,a1_rank_mbest,A-n63-k9,30,17353,30,1,1719,4.3,1.595e+06,1.791e+09,1.019,1.016,1.076,,False,15:36
ablation,83,a7_full,A-n63-k9,30,17353,30,1,219.2,53.79,1.63e+06,1.791e+09,0.9654,0.9755,1.099,,False,15:36
ablation,84,a5_tunneling,A-n63-k9,30,17353,30,1,665,162.8,1.615e+06,1.791e+09,1.005,1.005,1.089,,False,15:36
ablation,85,a2_sobol,A-n63-k9,30,17353,30,1,1733,4.333,1.58e+06,1.791e+09,1.016,1.012,1.066,,False,15:36
ablation,86,pso_ls,A-n63-k9,30,17353,30,1,642.6,161.9,1.565e+06,1.791e+09,0.9659,0.9663,1.056,,False,15:36
ablation,87,a4_memetic_ls,A-n63-k9,30,17353,30,1,646.2,162.6,1.47e+06,1.791e+09,1.005,1.004,0.9916,,False,15:36
ablation,88,a3_adaptive_alpha,A-n63-k9,30,17353,30,1,1720,4.3,1.575e+06,1.791e+09,1.003,1,1.062,,False,15:36
ablation,89,rr_ls,A-n63-k9,30,17353,30,1,677.3,170.6,1.55e+06,1.791e+09,1.005,1.006,1.046,,False,15:36
ablation,90,a6_qubo,A-n63-k9,30,17354,30,1,249.6,60.63,1.545e+06,1.791e+09,1.094,1.101,1.042,,False,15:36
ablation,91,a7_full,A-n63-k9,30,17354,30,1,258.6,62.89,1.5e+06,1.791e+09,1.139,1.141,1.012,,False,15:36
ablation,92,pso_ls,A-n63-k9,30,17354,30,1,662.6,166.9,1.535e+06,1.791e+09,0.996,0.996,1.035,,False,15:36
ablation,93,a0_base,A-n63-k9,30,17354,30,1,1702,4.266,1.6e+06,1.791e+09,1.003,1.004,1.079,,False,15:36
ablation,94,a2_sobol,A-n63-k9,30,17354,30.01,1,1730,4.333,1.58e+06,1.791e+09,1.015,1.012,1.066,,False,15:36
ablation,95,a4_memetic_ls,A-n63-k9,30,17354,30,1,671.9,169.4,1.57e+06,1.791e+09,1.045,1.046,1.059,,False,15:36
ablation,96,rr_ls,A-n63-k9,30,17354,30,1,673.3,169.5,1.51e+06,1.791e+09,0.9995,0.9995,1.019,,False,15:36
ablation,97,a3_adaptive_alpha,A-n63-k9,30,17354,30.01,1,1719,4.299,1.53e+06,1.791e+09,1.002,0.9999,1.032,,False,15:36
ablation,98,a5_tunneling,A-n63-k9,30,17354,30,1,693.6,169.3,1.49e+06,1.791e+09,1.048,1.045,1.005,,False,15:36
ablation,99,rr_ls,A-n80-k10,30,18345,30.01,1,427.2,107.4,1.28e+06,1.791e+09,0.9992,0.9988,0.8634,,False,15:37
ablation,100,a5_tunneling,A-n80-k10,30,18345,30.01,1,444.5,108.9,1.305e+06,1.791e+09,1.028,1.019,0.8803,,False,15:37
ablation,101,a1_rank_mbest,A-n63-k9,30,17354,30.01,1,1644,4.132,1.265e+06,1.791e+09,0.9747,0.9762,0.8533,,False,15:37
ablation,102,a1_rank_mbest,A-n80-k10,30,18345,30.01,1,1126,2.832,1.19e+06,1.791e+09,1.003,1.006,0.8027,,False,15:37
ablation,103,a4_memetic_ls,A-n80-k10,30,18345,30.01,1,433.2,108.9,1.215e+06,1.791e+09,1.015,1.015,0.8196,,False,15:37
ablation,104,a2_sobol,A-n80-k10,30,18345,30,1,1142,2.866,1.19e+06,1.791e+09,1.003,1.006,0.8027,,False,15:37
ablation,105,a3_adaptive_alpha,A-n80-k10,30,18345,30.01,1,1135,2.833,1.11e+06,1.791e+09,0.9905,0.9826,0.7487,calib 0.75x,True,15:37
ablation,106,a7_full,A-n80-k10,30,18345,30,1,176,42.76,1.185e+06,1.791e+09,0.9106,0.8981,0.7993,,False,15:37
ablation,107,pso_ls,A-n80-k10,30,18345,30.01,1,447.9,112.8,1.125e+06,1.791e+09,1.006,1.007,0.7589,,False,15:37
ablation,108,a0_base,A-n80-k10,30,18345,30,1,1149,2.9,1.205e+06,1.791e+09,1.014,1.018,0.8128,,False,15:37
ablation,109,a6_qubo,A-n80-k10,30,18345,30,1,178.6,43.33,1.155e+06,1.791e+09,0.9613,0.9534,0.7791,,False,15:37
ablation,110,a3_adaptive_alpha,A-n80-k10,30,18346,30,1,1114,2.8,1.19e+06,1.791e+09,0.972,0.9712,0.8027,,False,15:37
ablation,111,a1_rank_mbest,A-n80-k10,30,18346,30,1,1117,2.8,1.495e+06,1.791e+09,0.994,0.9942,1.008,,False,15:37
ablation,112,rr_ls,A-n80-k10,30,18346,30,1,423.9,106.6,1.615e+06,1.791e+09,0.9916,0.9914,1.089,,False,15:37
ablation,113,a0_base,A-n80-k10,30,18347,30,1,1128,2.833,1.65e+06,1.791e+09,0.9947,0.9941,1.113,,False,15:37
ablation,114,a4_memetic_ls,A-n80-k10,30,18347,30,1,365.3,91.82,1.52e+06,1.791e+09,0.856,0.8554,1.025,,False,15:38
ablation,115,a5_tunneling,A-n80-k10,30,18347,30,1,372.4,91.99,1.55e+06,1.791e+09,0.8612,0.8614,1.046,,False,15:38
ablation,116,a3_adaptive_alpha,A-n80-k10,30,18347,30,1,1071,2.7,1.455e+06,1.791e+09,0.9352,0.9365,0.9815,,False,15:38
ablation,117,a7_full,A-n80-k10,30,18347,30,1,154.8,37.69,1.535e+06,1.791e+09,0.8011,0.7917,1.035,,False,15:38
ablation,118,a2_sobol,A-n80-k10,30,18347,30,1,1038,2.6,1.55e+06,1.791e+09,0.9116,0.9124,1.046,,False,15:38
ablation,119,a6_qubo,A-n80-k10,30,18347,30,1,156.1,38.06,1.54e+06,1.791e+09,0.8406,0.8375,1.039,,False,15:38
ablation,120,pso_ls,A-n80-k10,30,18347,30,1,385.3,96.75,1.555e+06,1.791e+09,0.8655,0.8642,1.049,,False,15:38
ablation,121,rr_ls,A-n80-k10,30,18347,30,1,398.1,99.99,1.445e+06,1.791e+09,0.931,0.9301,0.9747,,False,15:38
ablation,122,a1_rank_mbest,A-n80-k10,30,18347,30,1,1051,2.633,1.555e+06,1.791e+09,0.9359,0.935,1.049,,False,15:38
ablation,123,pso_ls,A-n80-k10,30,18348,30,1,366.6,92.19,1.485e+06,1.791e+09,0.8236,0.8234,1.002,,False,15:38
ablation,124,a5_tunneling,A-n80-k10,30,18348,30.01,1,407.2,99.44,1.375e+06,1.791e+09,0.9419,0.9312,0.9275,,False,15:38
ablation,125,a3_adaptive_alpha,A-n80-k10,30,18348,30,1,1141,2.866,1.52e+06,1.791e+09,0.9957,0.9943,1.025,,False,15:38
ablation,126,a1_rank_mbest,A-n80-k10,30,18348,30.01,1,1137,2.866,1.49e+06,1.791e+09,1.012,1.018,1.005,,False,15:38
ablation,127,a7_full,A-n80-k10,30,18348,30.02,1.001,186.1,45.34,1.51e+06,1.791e+09,0.9631,0.9523,1.019,,False,15:38
ablation,128,a0_base,A-n80-k10,30,18348,30.01,1,1131,2.832,1.53e+06,1.791e+09,0.9979,0.994,1.032,,False,15:38
ablation,129,a2_sobol,A-n80-k10,30,18348,30.01,1,1135,2.832,1.57e+06,1.791e+09,0.9971,0.9941,1.059,,False,15:38
ablation,130,a4_memetic_ls,A-n80-k10,30,18348,30.01,1,429.5,108.1,1.6e+06,1.791e+09,1.006,1.007,1.079,,False,15:38
ablation,131,rr_ls,A-n80-k10,30,18348,30.01,1,426,107,1.415e+06,1.791e+09,0.9963,0.9956,0.9545,,False,15:38
ablation,132,a6_qubo,A-n80-k10,30,18348,30.01,1,176.5,43.09,1.36e+06,1.791e+09,0.9502,0.9483,0.9174,,False,15:38
ablation,133,a1_rank_mbest,A-n80-k10,30,18349,30.01,1,1131,2.833,1.525e+06,1.791e+09,1.007,1.006,1.029,,False,15:38
ablation,134,a3_adaptive_alpha,A-n80-k10,30,18349,30,1,1099,2.766,1.41e+06,1.791e+09,0.9597,0.9596,0.9511,,False,15:38
ablation,135,a2_sobol,A-n80-k10,30,18349,30,1,1102,2.766,1.525e+06,1.791e+09,0.9682,0.9709,1.029,,False,15:38
ablation,136,a5_tunneling,A-n80-k10,30,18350,30,1,435.3,106.9,1.225e+06,1.791e+09,1.007,1.001,0.8263,,False,15:39
ablation,137,a0_base,A-n80-k10,30,18350,30,1,1198,3,1.395e+06,1.791e+09,1.057,1.053,0.941,,False,15:39
ablation,138,pso_ls,A-n80-k10,30,18350,30.01,1,447.9,112.7,1.395e+06,1.791e+09,1.006,1.007,0.941,,False,15:39
ablation,139,a6_qubo,A-n80-k10,30,18350,30,1,185.9,45.19,1.385e+06,1.791e+09,1.001,0.9945,0.9342,,False,15:39
ablation,140,a3_adaptive_alpha,A-n80-k10,30,18350,30,1,1189,3,1.4e+06,1.791e+09,1.038,1.04,0.9444,,False,15:39
ablation,141,a4_memetic_ls,A-n80-k10,30,18350,30,1,449.6,113.1,1.48e+06,1.791e+09,1.054,1.054,0.9983,,False,15:39
ablation,142,a1_rank_mbest,A-n80-k10,30,18350,30,1,1160,2.9,1.49e+06,1.791e+09,1.033,1.03,1.005,,False,15:39
ablation,143,a3_adaptive_alpha,A-n80-k10,30,18351,30.01,1,1160,2.899,1.55e+06,1.791e+09,1.013,1.006,1.046,,False,15:39
ablation,144,a6_qubo,A-n80-k10,30,18351,30,1,213.4,52.2,1.43e+06,1.791e+09,1.149,1.149,0.9646,,False,15:39
ablation,145,a5_tunneling,A-n80-k10,30,18351,30,1,429.4,106.7,1.48e+06,1.791e+09,0.9932,0.999,0.9983,,False,15:39
ablation,146,a4_memetic_ls,A-n80-k10,30,18351,30.01,1,419.9,105.5,1.58e+06,1.791e+09,0.984,0.9826,1.066,,False,15:39
ablation,147,a7_full,A-n80-k10,30,18351,30.01,1,212.1,51.86,1.535e+06,1.791e+09,1.098,1.089,1.035,,False,15:39
ablation,148,a1_rank_mbest,A-n80-k10,30,18351,30,1,1120,2.8,1.195e+06,1.791e+09,0.9973,0.9942,0.8061,,False,15:40
ablation,149,pso_ls,A-n80-k10,30,18351,30,1,446.3,112.1,1.21e+06,1.791e+09,1.003,1.001,0.8162,,False,15:40
ablation,150,a2_sobol,A-n80-k10,30,18351,30,1,1160,2.9,1.235e+06,1.791e+09,1.019,1.018,0.8331,,False,15:40
ablation,151,rr_ls,A-n80-k10,30,18351,30,1,432.3,108.8,1.205e+06,1.791e+09,1.011,1.012,0.8128,,False,15:40
ablation,152,a0_base,A-n80-k10,30,18351,30,1,1124,2.833,1.255e+06,1.791e+09,0.9913,0.9942,0.8465,,False,15:40
ablation,153,a3_adaptive_alpha,A-n80-k10,30,18352,30,1,1151,2.9,1.17e+06,1.791e+09,1.004,1.006,0.7892,,False,15:40
ablation,154,a7_full,A-n80-k10,30,18352,30.01,1,182.3,45.36,1.26e+06,1.791e+09,0.9435,0.9526,0.8499,,False,15:40
ablation,155,a4_memetic_ls,A-n80-k10,30,18352,30,1,397.3,99.72,1.27e+06,1.791e+09,0.931,0.929,0.8567,,False,15:40
ablation,156,a6_qubo,A-n80-k10,30,18352,30,1,175.5,43.43,1.35e+06,1.791e+09,0.945,0.9556,0.9106,,False,15:40
ablation,157,a0_base,A-n80-k10,30,18352,30,1,1125,2.833,1.385e+06,1.791e+09,0.9927,0.9942,0.9342,,False,15:40
ablation,158,a5_tunneling,A-n80-k10,30,18352,30,1,412.1,101,1.36e+06,1.791e+09,0.9532,0.9454,0.9174,,False,15:40
ablation,159,pso_ls,A-n80-k10,30,18352,30.01,1,441.2,110.9,1.52e+06,1.791e+09,0.9913,0.9907,1.025,,False,15:40
ablation,160,a2_sobol,A-n80-k10,30,18352,30,1,1115,2.8,1.485e+06,1.791e+09,0.9789,0.9826,1.002,,False,15:40
ablation,161,rr_ls,A-n80-k10,30,18352,30.01,1,427.9,107.6,1.425e+06,1.791e+09,1.001,1.001,0.9612,,False,15:40
ablation,162,a1_rank_mbest,A-n80-k10,30,18352,30.01,1,1104,2.766,1.51e+06,1.791e+09,0.9825,0.9822,1.019,,False,15:40
ablation,163,rr_ls,A-n80-k10,30,18353,30,1,425.6,107.1,1.455e+06,1.791e+09,0.9954,0.9958,0.9815,,False,15:40
ablation,164,a1_rank_mbest,A-n80-k10,30,18353,30,1,1096,2.766,1.45e+06,1.791e+09,0.9757,0.9824,0.9781,,False,15:40
ablation,165,a2_sobol,A-n80-k10,30,18353,30,1,1101,2.766,1.47e+06,1.791e+09,0.9667,0.9709,0.9916,,False,15:40
ablation,166,a7_full,A-n80-k10,30,18353,30,1,213.7,52.13,1.445e+06,1.791e+09,1.106,1.095,0.9747,,False,15:40
ablation,167,a0_base,A-n80-k10,30,18353,30,1,1115,2.8,1.43e+06,1.791e+09,0.983,0.9825,0.9646,,False,15:40
ablation,168,a4_memetic_ls,A-n80-k10,30,18353,30,1,448,112.5,1.49e+06,1.791e+09,1.05,1.048,1.005,,False,15:40
ablation,169,a6_qubo,A-n80-k10,30,18353,30,1,214.8,52.19,1.475e+06,1.791e+09,1.156,1.148,0.9949,,False,15:40
ablation,170,a3_adaptive_alpha,A-n80-k10,30,18353,30,1,1170,2.933,1.28e+06,1.791e+09,1.022,1.017,0.8634,,False,15:41
ablation,171,a5_tunneling,A-n80-k10,30,18353,30,1,464,113.8,1.345e+06,1.791e+09,1.073,1.066,0.9073,,False,15:41
ablation,172,a6_qubo,A-n80-k10,30,18354,30,1,200.4,49.23,1.4e+06,1.791e+09,1.079,1.083,0.9444,,False,15:41
ablation,173,pso_ls,A-n80-k10,30,18353,30,1,444,111.8,1.31e+06,1.791e+09,0.9973,0.9985,0.8836,,False,15:41
ablation,174,a2_sobol,A-n80-k10,30,18354,30,1,1188,2.966,1.36e+06,1.791e+09,1.044,1.041,0.9174,,False,15:41
ablation,175,a5_tunneling,A-n80-k10,30,18354,30,1,441.8,108,1.42e+06,1.791e+09,1.022,1.012,0.9578,,False,15:41
ablation,176,rr_ls,A-n80-k10,30,18354,30,1,450.5,113.1,1.415e+06,1.791e+09,1.054,1.052,0.9545,,False,15:41
ablation,177,a0_base,A-n80-k10,30,18354,30,1,1186,2.967,1.34e+06,1.791e+09,1.046,1.041,0.9039,,False,15:41
ablation,178,a7_full,A-n80-k10,30,18354,30,1,200.4,49.5,1.39e+06,1.791e+09,1.037,1.04,0.9376,,False,15:41
ablation,179,a4_memetic_ls,A-n80-k10,30,18354,30,1,431.9,108.6,1.295e+06,1.791e+09,1.012,1.011,0.8735,,False,15:41
ablation,180,a1_rank_mbest,A-n80-k10,30,18354,30,1,1188,2.966,1.26e+06,1.791e+09,1.057,1.053,0.8499,,False,15:41
ablation,181,a3_adaptive_alpha,A-n80-k10,30,18354,30,1,1802,4.5,2.135e+06,1.791e+09,1.573,1.561,1.44,,False,15:41
ablation,182,pso_ls,A-n80-k10,30,18354,30,1,633.3,159.4,2.155e+06,1.791e+09,1.423,1.424,1.454,,False,15:41
ablation,183,pso_ls,A-n80-k10,30,18346,30,1,418.2,105.1,1.48e+06,1.791e+09,0.9395,0.9384,0.9983,,False,16:18
ablation,184,a6_qubo,A-n80-k10,30,18346,30,1,215.6,52.86,1.48e+06,1.791e+09,1.161,1.163,0.9983,,False,16:18
ablation,185,a7_full,A-n80-k10,30,18346,30,1,212.3,52.19,1.49e+06,1.791e+09,1.099,1.096,1.005,,False,16:18
ablation,186,a0_base,A-n80-k10,30,18346,30.01,1,1136,2.866,1.495e+06,1.791e+09,1.002,1.006,1.008,,False,16:18
ablation,187,a2_sobol,A-n80-k10,30,18346,30.01,1,1144,2.866,1.505e+06,1.791e+09,1.005,1.006,1.015,,False,16:18
ablation,188,a4_memetic_ls,A-n80-k10,30,18346,30,1,423.9,106.6,1.46e+06,1.791e+09,0.9935,0.9933,0.9848,,False,16:18
ablation,189,a5_tunneling,A-n80-k10,30,18346,30,1,429.2,105.3,1.49e+06,1.791e+09,0.9926,0.9856,1.005,,False,16:18
ablation,190,a0_base,A-n80-k10,30,18349,30,1,1136,2.866,1.46e+06,1.791e+09,1.002,1.006,0.9848,,False,16:18
ablation,191,a4_memetic_ls,A-n80-k10,30,18349,30,1,397.3,99.72,1.48e+06,1.791e+09,0.9311,0.929,0.9983,,False,16:18
ablation,192,a6_qubo,A-n80-k10,30,18349,30,1,185.6,45.69,1.405e+06,1.791e+09,0.999,1.006,0.9477,,False,16:18
ablation,193,a7_full,A-n80-k10,30,18349,30,1,185.6,45.73,1.45e+06,1.791e+09,0.9603,0.9605,0.9781,,False,16:18
ablation,194,rr_ls,A-n80-k10,30,18349,30,1,703.9,177.4,1.64e+06,1.791e+09,1.646,1.65,1.106,,False,16:19
ablation,195,a5_tunneling,A-n80-k10,30,18349,30,1,659.1,161.7,1.65e+06,1.791e+09,1.525,1.514,1.113,,False,16:19
ablation,196,pso_ls,A-n80-k10,30,18349,30,1,682.7,172.1,1.63e+06,1.791e+09,1.534,1.537,1.099,,False,16:19
ablation,197,a7_full,A-n80-k10,30,18350,30,1,302.4,74.06,1.73e+06,1.791e+09,1.565,1.555,1.167,,False,16:19
ablation,198,rr_ls,A-n80-k10,30,18350,30,1,705.3,177.6,1.805e+06,1.791e+09,1.65,1.652,1.218,,False,16:19
ablation,199,a2_sobol,A-n80-k10,30,18350,30,1,1826,4.566,1.845e+06,1.791e+09,1.604,1.603,1.245,,False,16:19
alpha_sweep,0,alpha_fixed_0.9,A-n63-k9,30,17345,30,1,217.9,53.23,1.51e+06,1.791e+09,0.9239,0.9318,1.043,,False,15:44
alpha_sweep,1,alpha_fixed_0.7,A-n63-k9,30,17345,30,1,224.3,54.42,1.42e+06,1.791e+09,0.9187,0.913,0.981,,False,15:44
alpha_sweep,2,alpha_fixed_0.3,A-n63-k9,30,17345,30,1,200.4,49.16,1.45e+06,1.791e+09,0.7829,0.7869,1.002,,False,15:44
alpha_sweep,3,alpha_lin_1.0_0.5,A-n63-k9,30,17345,30,1,255.2,62.29,1.465e+06,1.791e+09,1.006,1.015,1.012,,False,15:44
alpha_sweep,4,alpha_adaptive,A-n63-k9,30,17345,30,1,217.4,52.86,1.46e+06,1.791e+09,0.959,0.9671,1.009,,False,15:44
alpha_sweep,5,alpha_fixed_1.0,A-n63-k9,30,17345,30,1,285.1,69.36,1.49e+06,1.791e+09,1.248,1.253,1.029,,False,15:44
alpha_sweep,6,alpha_fixed_1.2,A-n63-k9,30,17345,30,1,184.3,44.8,1.45e+06,1.791e+09,0.8361,0.8289,1.002,,False,15:44
alpha_sweep,7,alpha_lin_0.8_0.3,A-n63-k9,30,17345,30,1,222,54.36,1.54e+06,1.791e+09,0.9925,0.9927,1.064,,False,15:44
alpha_sweep,8,alpha_fixed_0.5,A-n63-k9,30,17345,30,1,247.8,60.96,1.49e+06,1.791e+09,1.107,1.122,1.029,,False,15:44
alpha_sweep,9,alpha_fixed_1.2,A-n63-k9,30,17346,30,1,286.2,70.12,1.435e+06,1.791e+09,1.298,1.298,0.9914,,False,15:44
alpha_sweep,10,alpha_fixed_0.9,A-n63-k9,30,17346,30,1,239.1,57.79,1.395e+06,1.791e+09,1.014,1.012,0.9637,,False,15:44
alpha_sweep,11,alpha_lin_0.8_0.3,A-n63-k9,30,17346,30,1,222.7,54.56,1.575e+06,1.791e+09,0.9952,0.9964,1.088,,False,15:44
alpha_sweep,12,alpha_fixed_1.0,A-n63-k9,30,17346,30,1,271.9,66.56,1.495e+06,1.791e+09,1.191,1.202,1.033,,False,15:44
alpha_sweep,13,alpha_lin_1.0_0.5,A-n63-k9,30,17346,30,1,255.2,62.13,1.57e+06,1.791e+09,1.006,1.012,1.085,,False,15:44
alpha_sweep,14,alpha_adaptive,A-n63-k9,30,17346,30,1,219.6,53.86,1.615e+06,1.791e+09,0.9687,0.9854,1.116,,False,15:44
alpha_sweep,15,alpha_fixed_0.7,A-n63-k9,30,17346,30,1,247.3,59.96,1.585e+06,1.791e+09,1.013,1.006,1.095,,False,15:44
alpha_sweep,16,alpha_fixed_0.3,A-n63-k9,30,17346,30,1,251.5,61.86,1.605e+06,1.791e+09,0.9824,0.9901,1.109,,False,15:44
alpha_sweep,17,alpha_fixed_0.5,A-n63-k9,30,17346,30,1,222.7,53.79,1.535e+06,1.791e+09,0.9945,0.9899,1.06,,False,15:44
alpha_sweep,18,alpha_fixed_0.3,A-n63-k9,30,17347,30,1,281.6,68.36,1.485e+06,1.791e+09,1.1,1.094,1.026,,False,15:44
alpha_sweep,19,alpha_fixed_0.9,A-n63-k9,30,17347,30,1,232.7,56.46,1.53e+06,1.791e+09,0.9864,0.9883,1.057,,False,15:44
alpha_sweep,20,alpha_fixed_0.7,A-n63-k9,30,17347,30.01,1,246.8,59.99,1.545e+06,1.791e+09,1.011,1.006,1.067,,False,15:44
alpha_sweep,21,alpha_lin_0.8_0.3,A-n63-k9,30,17347,30,1,254.2,62.63,1.575e+06,1.791e+09,1.136,1.144,1.088,,False,15:44
alpha_sweep,22,alpha_fixed_1.0,A-n63-k9,30,17347,30,1,225.9,54.5,1.535e+06,1.791e+09,0.9889,0.9844,1.06,,False,15:45
alpha_sweep,23,alpha_fixed_0.5,A-n63-k9,30,17347,30,1,204.8,49.56,1.53e+06,1.791e+09,0.9147,0.912,1.057,,False,15:45
alpha_sweep,24,alpha_fixed_1.2,A-n63-k9,30,17347,30,1,216.9,53.16,1.615e+06,1.791e+09,0.9838,0.9837,1.116,,False,15:45
alpha_sweep,25,alpha_lin_1.0_0.5,A-n63-k9,30,17347,30.01,1,254.5,61.78,1.595e+06,1.791e+09,1.004,1.006,1.102,,False,15:45
alpha_sweep,26,alpha_adaptive,A-n63-k9,30,17347,30.01,1,252.1,61.79,1.585e+06,1.791e+09,1.112,1.13,1.095,,False,15:45
alpha_sweep,27,alpha_fixed_0.7,A-n63-k9,30,17348,30,1,245.4,60.22,1.545e+06,1.791e+09,1.005,1.01,1.067,,False,15:45
alpha_sweep,28,alpha_adaptive,A-n63-k9,30,17348,30,1,227.2,54.89,1.35e+06,1.791e+09,1.003,1.004,0.9326,,False,15:45
alpha_sweep,29,alpha_fixed_1.0,A-n63-k9,30,17348,30,1,252.8,61.96,1.275e+06,1.791e+09,1.107,1.119,0.8808,,False,15:45
alpha_sweep,30,alpha_fixed_0.3,A-n63-k9,30,17348,30.01,1,225.7,55.42,1.325e+06,1.791e+09,0.8816,0.8871,0.9154,,False,15:45
alpha_sweep,31,alpha_lin_1.0_0.5,A-n63-k9,30,17348,30,1,244.9,60.36,1.335e+06,1.791e+09,0.9657,0.9832,0.9223,,False,15:45
alpha_sweep,32,alpha_fixed_0.5,A-n63-k9,30,17348,30.01,1,282.7,70.02,1.405e+06,1.791e+09,1.263,1.288,0.9706,,False,15:45
alpha_sweep,33,alpha_fixed_1.2,A-n63-k9,30,17348,30,1,209,50.86,1.445e+06,1.791e+09,0.9479,0.9411,0.9983,,False,15:45
alpha_sweep,34,alpha_lin_0.8_0.3,A-n63-k9,30,17348,30.01,1,218.2,52.86,1.455e+06,1.791e+09,0.9752,0.9652,1.005,,False,15:45
alpha_sweep,35,alpha_fixed_0.9,A-n63-k9,30,17348,30,1,210.7,51.2,1.415e+06,1.791e+09,0.8934,0.8962,0.9775,,False,15:45
alpha_sweep,36,alpha_lin_0.8_0.3,A-n63-k9,30,17349,30,1,177.5,42.76,1.44e+06,1.791e+09,0.7934,0.7809,0.9948,,False,15:45
alpha_sweep,37,alpha_fixed_0.5,A-n63-k9,30,17349,30,1,216.4,53.1,1.38e+06,1.791e+09,0.9666,0.9771,0.9534,,False,15:45
alpha_sweep,38,alpha_fixed_0.3,A-n63-k9,30,17349,30,1,283.9,69.69,1.31e+06,1.791e+09,1.109,1.116,0.905,,False,15:45
alpha_sweep,39,alpha_lin_1.0_0.5,A-n63-k9,30,17349,30,1,244,59.83,1.34e+06,1.791e+09,0.9622,0.9746,0.9257,,False,15:45
alpha_sweep,40,alpha_fixed_1.0,A-n63-k9,30,17349,30,1,213.2,52.53,1.19e+06,1.791e+09,0.9336,0.9488,0.8221,,False,15:45
alpha_sweep,41,alpha_fixed_0.9,A-n63-k9,30,17349,30,1,239.5,58.12,1.29e+06,1.791e+09,1.015,1.017,0.8912,,False,15:45
alpha_sweep,42,alpha_adaptive,A-n63-k9,30,17349,30,1,226.1,54.23,1.3e+06,1.791e+09,0.9975,0.9921,0.8981,,False,15:45
alpha_sweep,43,alpha_fixed_0.7,A-n63-k9,30,17349,30,1,212.1,52.29,1.415e+06,1.791e+09,0.8688,0.8773,0.9775,,False,15:45
alpha_sweep,44,alpha_fixed_1.2,A-n63-k9,30,17349,30,1,215.3,53.19,1.37e+06,1.791e+09,0.9766,0.9843,0.9465,,False,15:46
alpha_sweep,45,alpha_fixed_1.2,A-n63-k9,30,17350,30,1,191.2,46.26,1.45e+06,1.791e+09,0.8673,0.856,1.002,,False,15:46
alpha_sweep,46,alpha_fixed_0.5,A-n63-k9,30,17350,30,1,218.3,53.53,1.335e+06,1.791e+09,0.9749,0.985,0.9223,,False,15:46
alpha_sweep,47,alpha_adaptive,A-n63-k9,30,17350,30.01,1,214.4,52.16,1.38e+06,1.791e+09,0.9458,0.9542,0.9534,,False,15:46
alpha_sweep,48,alpha_fixed_0.9,A-n63-k9,30,17350,30,1,283,69.09,1.36e+06,1.791e+09,1.2,1.209,0.9396,,False,15:46
alpha_sweep,49,alpha_fixed_0.7,A-n63-k9,30,17350,30.01,1,225.9,55.52,1.335e+06,1.791e+09,0.9249,0.9314,0.9223,,False,15:46
alpha_sweep,50,alpha_fixed_0.3,A-n63-k9,30,17350,30,1,252.9,61.93,1.265e+06,1.791e+09,0.9879,0.9912,0.8739,,False,15:46
alpha_sweep,51,alpha_fixed_1.0,A-n63-k9,30,17350,30,1,220.2,53.19,1.165e+06,1.791e+09,0.9641,0.9608,0.8048,,False,15:46
alpha_sweep,52,alpha_lin_1.0_0.5,A-n63-k9,30,17350,30.01,1,235,57.59,1.16e+06,1.791e+09,0.9268,0.9381,0.8014,,False,15:46
alpha_sweep,53,alpha_fixed_0.9,A-n63-k9,30,17351,30,1,231,56.26,1.38e+06,1.791e+09,0.9792,0.9848,0.9534,,False,15:46
alpha_sweep,54,alpha_fixed_0.7,A-n63-k9,30,17351,30,1,243,59.26,1.49e+06,1.791e+09,0.995,0.9942,1.029,,False,15:46
alpha_sweep,55,alpha_fixed_1.2,A-n63-k9,30,17351,30,1,274.9,66.83,1.47e+06,1.791e+09,1.247,1.237,1.016,,False,15:46
alpha_sweep,56,alpha_adaptive,A-n63-k9,30,17351,30,1,283.8,69.63,1.55e+06,1.791e+09,1.252,1.274,1.071,,False,15:46
alpha_sweep,57,alpha_fixed_0.5,A-n63-k9,30,17351,30,1,250.7,61.73,1.46e+06,1.791e+09,1.12,1.136,1.009,,False,15:46
alpha_sweep,58,alpha_lin_0.8_0.3,A-n63-k9,30,17351,30,1,224.8,54.96,1.495e+06,1.791e+09,1.005,1.004,1.033,,False,15:46
alpha_sweep,59,alpha_lin_1.0_0.5,A-n63-k9,30,17351,30,1,213.1,51.62,1.575e+06,1.791e+09,0.8402,0.8409,1.088,,False,15:46
alpha_sweep,60,alpha_fixed_0.3,A-n63-k9,30,17351,30.01,1,249.6,60.99,1.51e+06,1.791e+09,0.975,0.9762,1.043,,False,15:46
alpha_sweep,61,alpha_fixed_0.7,A-n63-k9,30,17352,30,1,246.8,60.59,1.475e+06,1.791e+09,1.011,1.017,1.019,,False,15:46
alpha_sweep,62,alpha_fixed_0.3,A-n63-k9,30,17352,30,1,259.1,63.03,1.525e+06,1.791e+09,1.012,1.009,1.054,,False,15:46
alpha_sweep,63,alpha_lin_0.8_0.3,A-n63-k9,30,17352,30,1,251.5,61.19,1.42e+06,1.791e+09,1.124,1.117,0.981,,False,15:46
alpha_sweep,64,alpha_lin_1.0_0.5,A-n63-k9,30,17352,30,1,255.3,62.43,1.095e+06,1.791e+09,1.007,1.017,0.7565,,False,15:47
alpha_sweep,65,alpha_fixed_1.2,A-n63-k9,30,17352,30,1,224,54.89,1.135e+06,1.791e+09,1.016,1.016,0.7841,,False,15:47
alpha_sweep,66,alpha_fixed_0.9,A-n63-k9,30,17352,30,1,252,61.1,1.24e+06,1.791e+09,1.068,1.07,0.8566,,False,15:47
alpha_sweep,67,alpha_adaptive,A-n63-k9,30,17352,30,1,248.7,60.59,1.185e+06,1.791e+09,1.097,1.109,0.8187,,False,15:47
alpha_sweep,68,alpha_fixed_1.0,A-n63-k9,30,17352,30,1,230.9,56.23,1.28e+06,1.791e+09,1.011,1.016,0.8843,,False,15:47
alpha_sweep,69,alpha_fixed_0.5,A-n63-k9,30,17352,30.01,1,200.8,49.39,1.27e+06,1.791e+09,0.8966,0.9088,0.8774,,False,15:47
alpha_sweep,70,alpha_fixed_1.2,A-n63-k9,30,17353,30,1,227.9,55.23,1.3e+06,1.791e+09,1.034,1.022,0.8981,,False,15:47
alpha_sweep,71,alpha_fixed_1.0,A-n63-k9,30,17353,30,1,195,47.13,1.44e+06,1.791e+09,0.8537,0.8513,0.9948,,False,15:47
alpha_sweep,72,alpha_fixed_0.5,A-n63-k9,30,17353,30,1,225.1,54.89,1.4e+06,1.791e+09,1.006,1.01,0.9672,,False,15:47
alpha_sweep,73,alpha_adaptive,A-n63-k9,30,17353,30,1,221.3,54.43,1.44e+06,1.791e+09,0.9763,0.9957,0.9948,,False,15:47
alpha_sweep,74,alpha_fixed_0.7,A-n63-k9,30,17353,30,1,252.5,61.49,1.37e+06,1.791e+09,1.034,1.032,0.9465,,False,15:47
alpha_sweep,75,alpha_lin_0.8_0.3,A-n63-k9,30,17353,30.01,1,218.4,53.52,1.43e+06,1.791e+09,0.9761,0.9773,0.9879,,False,15:47
alpha_sweep,76,alpha_fixed_0.9,A-n63-k9,30,17353,30,1,226,55.3,1.435e+06,1.791e+09,0.958,0.968,0.9914,,False,15:47
alpha_sweep,77,alpha_lin_1.0_0.5,A-n63-k9,30,17353,30,1,252.7,61,1.445e+06,1.791e+09,0.9964,0.9936,0.9983,,False,15:47
alpha_sweep,78,alpha_fixed_1.0,A-n63-k9,30,17354,30,1,199.6,49.16,1.325e+06,1.791e+09,0.8738,0.888,0.9154,,False,15:47
alpha_sweep,79,alpha_adaptive,A-n63-k9,30,17354,30,1,249.6,60.83,1.395e+06,1.791e+09,1.101,1.113,0.9637,,False,15:47
alpha_sweep,80,alpha_lin_0.8_0.3,A-n63-k9,30,17354,30,1,243.8,59.26,1.415e+06,1.791e+09,1.09,1.082,0.9775,,False,15:47
alpha_sweep,81,alpha_fixed_0.5,A-n63-k9,30,17354,30,1,227.5,55.56,1.54e+06,1.791e+09,1.016,1.022,1.064,,False,15:47
alpha_sweep,82,alpha_lin_1.0_0.5,A-n63-k9,30,17354,30,1,272.3,66.66,1.555e+06,1.791e+09,1.074,1.086,1.074,,False,15:47
alpha_sweep,83,alpha_fixed_1.2,A-n63-k9,30,17354,30,1,226.7,54.9,1.49e+06,1.791e+09,1.028,1.016,1.029,,False,15:47
alpha_sweep,84,alpha_fixed_0.7,A-n63-k9,30,17354,30,1,227.4,55.43,1.545e+06,1.791e+09,0.9314,0.9299,1.067,,False,15:47
alpha_sweep,85,alpha_fixed_0.9,A-n63-k9,30,17354,30,1,284.9,69.89,1.83e+06,1.791e+09,1.208,1.223,1.264,,False,15:48
alpha_sweep,86,alpha_fixed_0.3,A-n63-k9,30,17354,30,1,329.1,80.76,1.91e+06,1.791e+09,1.286,1.293,1.32,,False,15:48
alpha_sweep,87,alpha_lin_0.8_0.3,A-n63-k9,30,17350,30,1,331.2,80.69,2.29e+06,1.791e+09,1.481,1.474,1.582,,False,16:20
alpha_sweep,88,alpha_fixed_1.0,A-n63-k9,30,17351,30,1,309.4,75.13,2.305e+06,1.791e+09,1.355,1.357,1.592,,False,16:20
alpha_sweep,89,alpha_fixed_0.3,A-n63-k9,30,17353,30,1,353.3,86.53,2.375e+06,1.791e+09,1.38,1.385,1.641,,False,16:20
scaling,0,ortools,X-n200-k36,120,22345,119.9,0.9993,,,1.415e+06,1.791e+09,,,1.097,,False,15:50
scaling,1,ortools,X-n200-k36,120,22346,119.9,0.9993,,,1.38e+06,1.791e+09,,,1.07,,False,15:50
scaling,2,ortools,X-n200-k36,120,22347,119.9,0.9993,,,1.395e+06,1.791e+09,,,1.081,,False,15:50
scaling,3,ortools,X-n200-k36,120,22348,119.9,0.9993,,,1.36e+06,1.791e+09,,,1.054,,False,15:50
scaling,4,qpso,X-n200-k36,120,22345,120,1,20.06,4.916,1.35e+06,1.791e+09,1.025,1.028,1.047,,False,15:50
scaling,5,ortools,X-n200-k36,120,22349,119.9,0.9993,,,1.28e+06,1.791e+09,,,0.9922,,False,15:50
scaling,6,qpso,X-n200-k36,120,22346,120,1,19.7,4.824,1.385e+06,1.791e+09,1.006,1.009,1.074,,False,15:50
scaling,7,qpso,X-n200-k36,120,22347,120,1,19,4.699,1.3e+06,1.791e+09,0.9703,0.9826,1.008,,False,15:50
scaling,8,qpso,X-n200-k36,120,22348,120,1,19.83,4.832,1.275e+06,1.791e+09,1.013,1.011,0.9884,,False,15:50
scaling,9,qpso,X-n200-k36,120,22349,120,1,19.75,4.841,1.265e+06,1.791e+09,1.009,1.012,0.9806,,False,15:50
scaling,10,qpso,X-n200-k36,120,22350,120,1,20.06,4.891,1.42e+06,1.791e+09,1.025,1.023,1.101,,False,15:50
scaling,11,ortools,X-n200-k36,120,22350,119.9,0.9993,,,1.115e+06,1.791e+09,,,0.8643,,False,15:52
scaling,12,ortools,X-n200-k36,120,22351,119.9,0.9994,,,1.145e+06,1.791e+09,,,0.8876,,False,15:52
scaling,13,ortools,X-n200-k36,120,22352,119.9,0.9993,,,1.175e+06,1.791e+09,,,0.9109,,False,15:52
scaling,14,qpso,X-n200-k36,120,22351,120,1,19.45,4.74,1.125e+06,1.791e+09,0.9936,0.9913,0.8721,,False,15:52
scaling,15,ortools,X-n200-k36,120,22353,119.9,0.9994,,,1.18e+06,1.791e+09,,,0.9147,,False,15:52
scaling,16,qpso,X-n200-k36,120,22352,120,1,17.86,4.333,1.19e+06,1.791e+09,0.9121,0.9061,0.9225,,False,15:52
scaling,17,ortools,X-n200-k36,120,22354,119.9,0.9993,,,1.125e+06,1.791e+09,,,0.8721,,False,15:52
scaling,18,qpso,X-n200-k36,120,22353,120,1,19.05,4.641,1.155e+06,1.791e+09,0.9732,0.9704,0.8953,,False,15:52
scaling,19,qpso,X-n200-k36,120,22354,120,1,19.11,4.641,1.175e+06,1.791e+09,0.9762,0.9704,0.9109,,False,15:52
scaling,20,qpso_cluster,X-n502-k39,300,23345,270.2,0.9005,280.2,0.003702,1.475e+06,1.791e+09,0.9701,1,1.143,,False,15:52
scaling,21,ortools,X-n502-k39,300,23345,299.9,0.9998,,,1.46e+06,1.791e+09,,,1.132,,False,15:52
scaling,22,qpso_cluster,X-n502-k39,300,23346,270.2,0.9006,284.7,0.003701,1.345e+06,1.791e+09,0.9858,0.9999,1.043,,False,15:54
scaling,23,qpso_cluster,X-n502-k39,300,23347,270.2,0.9007,274.2,0.003701,1.215e+06,1.791e+09,0.9494,0.9999,0.9419,,False,15:54
scaling,24,qpso_cluster,X-n502-k39,300,23348,270.2,0.9006,280,0.003701,1.14e+06,1.791e+09,0.9696,1,0.8837,,False,15:54
scaling,25,qpso_cluster,X-n502-k39,300,23349,270.2,0.9006,292.6,0.003701,1.185e+06,1.791e+09,1.013,0.9999,0.9186,,False,15:54
scaling,26,qpso_cluster,X-n502-k39,300,23350,270.2,0.9006,285,0.003701,1.225e+06,1.791e+09,0.987,0.9999,0.9496,,False,15:54
scaling,27,ortools,X-n502-k39,300,23346,299.9,0.9998,,,1.22e+06,1.791e+09,,,0.9457,,False,15:54
scaling,28,ortools,X-n502-k39,300,23347,299.9,0.9998,,,1.205e+06,1.791e+09,,,0.9341,,False,15:54
scaling,29,ortools,X-n502-k39,300,23348,299.9,0.9998,,,1.315e+06,1.791e+09,,,1.019,,False,15:54
scaling,30,ortools,X-n502-k39,300,23349,299.9,0.9998,,,1.215e+06,1.791e+09,,,0.9419,,False,15:54
scaling,31,ortools,X-n502-k39,300,23350,299.9,0.9997,,,1.445e+06,1.791e+09,,,1.12,,False,15:57
scaling,32,qpso_cluster,X-n502-k39,300,23351,270.1,0.9004,320.8,0.003702,1.43e+06,1.791e+09,1.111,1,1.109,,False,15:57
scaling,33,qpso_cluster,X-n502-k39,300,23352,270.1,0.9004,377.7,0.003702,1.255e+06,1.791e+09,1.308,1,0.9729,,False,15:59
scaling,34,qpso_cluster,X-n502-k39,300,23353,270.1,0.9004,369.1,0.003702,1.51e+06,1.791e+09,1.278,1,1.171,,False,15:59
scaling,35,qpso_cluster,X-n502-k39,300,23354,270.1,0.9004,401.1,0.003702,1.73e+06,1.791e+09,1.389,1,1.341,,False,15:59
scaling,36,ortools,X-n502-k39,300,23351,299.9,0.9997,,,1.425e+06,1.791e+09,,,1.105,,False,15:59
scaling,37,ortools,X-n502-k39,300,23352,299.9,0.9997,,,1.375e+06,1.791e+09,,,1.066,,False,15:59
scaling,38,ortools,X-n502-k39,300,23353,299.9,0.9997,,,1.38e+06,1.791e+09,,,1.07,,False,15:59
scaling,39,ortools,X-n502-k39,300,23354,299.9,0.9997,,,1.815e+06,1.791e+09,,,1.407,,False,15:59
