[bench_core_v1] 1080 runs to do (0 already recorded), 11 worker(s) -> C:\Users\nisha\Quantum-Route-solver\results\runs\bench_core_v1.jsonl
  [1/1080] A-n32-k5 ortools time=30 seed=15345: D=784.0 gap=0.00% evals=0 29.91s ls=0
  [2/1080] A-n32-k5 ga_ls time=30 seed=15345: D=832.0 gap=6.12% evals=25759 30.00s ls=6828
  [3/1080] A-n32-k5 qpso time=30 seed=15346: D=784.0 gap=0.00% evals=17494 30.00s ls=4254
  [4/1080] A-n32-k5 pso_ls time=30 seed=15345: D=784.0 gap=0.00% evals=37560 30.00s ls=9469
  [5/1080] A-n32-k5 ga_ls time=30 seed=15346: D=828.0 gap=5.61% evals=26336 30.00s ls=6986
  [6/1080] A-n32-k5 rr_ls time=30 seed=15345: D=784.0 gap=0.00% evals=36600 30.00s ls=9224
  [7/1080] A-n32-k5 sa time=30 seed=15346: D=784.0 gap=0.00% evals=47947 30.00s ls=0
  [8/1080] A-n32-k5 pso_ls time=30 seed=15346: D=784.0 gap=0.00% evals=37440 30.00s ls=9444
  [9/1080] A-n32-k5 sa time=30 seed=15345: D=784.0 gap=0.00% evals=47543 30.00s ls=0
  [10/1080] A-n32-k5 qpso time=30 seed=15345: D=784.0 gap=0.00% evals=16548 30.02s ls=4051
  [11/1080] A-n32-k5 rr_ls time=30 seed=15346: D=784.0 gap=0.00% evals=36772 30.01s ls=9272
  [12/1080] A-n32-k5 ortools time=30 seed=15346: D=784.0 gap=0.00% evals=0 29.90s ls=0
  [13/1080] A-n32-k5 ortools time=30 seed=15347: D=784.0 gap=0.00% evals=0 29.90s ls=0
  [14/1080] A-n32-k5 ga_ls time=30 seed=15347: D=829.0 gap=5.74% evals=26301 30.00s ls=6980
  [15/1080] A-n32-k5 qpso time=30 seed=15347: D=784.0 gap=0.00% evals=17688 30.00s ls=4318
  [16/1080] A-n32-k5 qpso time=30 seed=15348: D=784.0 gap=0.00% evals=17368 30.00s ls=4247
  [17/1080] A-n32-k5 pso_ls time=30 seed=15347: D=784.0 gap=0.00% evals=38702 30.00s ls=9757
  [18/1080] A-n32-k5 rr_ls time=30 seed=15347: D=784.0 gap=0.00% evals=37520 30.00s ls=9464
  [19/1080] A-n32-k5 sa time=30 seed=15347: D=784.0 gap=0.00% evals=48674 30.00s ls=0
  [20/1080] A-n32-k5 pso_ls time=30 seed=15348: D=784.0 gap=0.00% evals=39455 30.00s ls=9949
  [21/1080] A-n32-k5 ga_ls time=30 seed=15348: D=796.0 gap=1.53% evals=26516 30.00s ls=7030
  [22/1080] A-n32-k5 sa time=30 seed=15348: D=784.0 gap=0.00% evals=49106 30.00s ls=0
  [23/1080] A-n32-k5 ortools time=30 seed=15348: D=784.0 gap=0.00% evals=0 29.91s ls=0
  [24/1080] A-n32-k5 rr_ls time=30 seed=15348: D=784.0 gap=0.00% evals=37560 30.00s ls=9466
  [25/1080] A-n32-k5 ortools time=30 seed=15349: D=784.0 gap=0.00% evals=0 29.91s ls=0
  [26/1080] A-n32-k5 qpso time=30 seed=15349: D=784.0 gap=0.00% evals=17397 30.00s ls=4242
  [27/1080] A-n32-k5 ga_ls time=30 seed=15349: D=796.0 gap=1.53% evals=25968 30.00s ls=6889
  [28/1080] A-n32-k5 rr_ls time=30 seed=15349: D=784.0 gap=0.00% evals=37560 30.00s ls=9467
  [29/1080] A-n32-k5 qpso time=30 seed=15350: D=784.0 gap=0.00% evals=17225 30.00s ls=4174
  [30/1080] A-n32-k5 pso_ls time=30 seed=15349: D=784.0 gap=0.00% evals=39440 30.00s ls=9940
  [31/1080] A-n32-k5 sa time=30 seed=15349: D=829.0 gap=5.74% evals=48676 30.00s ls=0
  [32/1080] A-n32-k5 pso_ls time=30 seed=15350: D=784.0 gap=0.00% evals=39106 30.00s ls=9858
  [33/1080] A-n32-k5 ga_ls time=30 seed=15350: D=834.0 gap=6.38% evals=26394 30.00s ls=7000
  [34/1080] A-n32-k5 sa time=30 seed=15350: D=784.0 gap=0.00% evals=49715 30.00s ls=0
  [35/1080] A-n32-k5 ortools time=30 seed=15350: D=784.0 gap=0.00% evals=0 29.91s ls=0
  [36/1080] A-n32-k5 rr_ls time=30 seed=15350: D=784.0 gap=0.00% evals=38120 30.00s ls=9612
  [37/1080] A-n32-k5 ortools time=30 seed=15351: D=784.0 gap=0.00% evals=0 29.91s ls=0
  [38/1080] A-n32-k5 qpso time=30 seed=15351: D=784.0 gap=0.00% evals=17589 30.00s ls=4303
  [39/1080] A-n32-k5 ga_ls time=30 seed=15351: D=796.0 gap=1.53% evals=26338 30.00s ls=6990
  [40/1080] A-n32-k5 sa time=30 seed=15351: D=784.0 gap=0.00% evals=49747 30.00s ls=0
  [41/1080] A-n32-k5 pso_ls time=30 seed=15351: D=784.0 gap=0.00% evals=39860 30.00s ls=10050
  [42/1080] A-n32-k5 rr_ls time=30 seed=15351: D=784.0 gap=0.00% evals=38480 30.01s ls=9696
  [43/1080] A-n32-k5 qpso time=30 seed=15352: D=784.0 gap=0.00% evals=17727 30.00s ls=4325
  [44/1080] A-n32-k5 pso_ls time=30 seed=15352: D=784.0 gap=0.00% evals=39320 30.00s ls=9913
  [45/1080] A-n32-k5 ga_ls time=30 seed=15352: D=796.0 gap=1.53% evals=25881 30.00s ls=6868
  [46/1080] A-n32-k5 sa time=30 seed=15352: D=784.0 gap=0.00% evals=47812 30.00s ls=0
  [47/1080] A-n32-k5 ortools time=30 seed=15352: D=784.0 gap=0.00% evals=0 29.91s ls=0
  [48/1080] A-n32-k5 rr_ls time=30 seed=15352: D=784.0 gap=0.00% evals=36600 30.00s ls=9223
  [49/1080] A-n32-k5 ortools time=30 seed=15353: D=784.0 gap=0.00% evals=0 29.91s ls=0
  [50/1080] A-n32-k5 qpso time=30 seed=15353: D=784.0 gap=0.00% evals=16879 30.00s ls=4111
  [51/1080] A-n32-k5 pso_ls time=30 seed=15353: D=784.0 gap=0.00% evals=38351 30.00s ls=9666
  [52/1080] A-n32-k5 ga_ls time=30 seed=15353: D=823.0 gap=4.97% evals=25839 30.00s ls=6848
  [53/1080] A-n32-k5 sa time=30 seed=15353: D=828.0 gap=5.61% evals=48135 30.00s ls=0
  [54/1080] A-n32-k5 rr_ls time=30 seed=15353: D=784.0 gap=0.00% evals=36800 30.00s ls=9282
  [55/1080] A-n32-k5 qpso time=30 seed=15354: D=784.0 gap=0.00% evals=17138 30.01s ls=4182
  [56/1080] A-n32-k5 pso_ls time=30 seed=15354: D=784.0 gap=0.00% evals=37839 30.00s ls=9535
  [57/1080] A-n32-k5 ga_ls time=30 seed=15354: D=818.0 gap=4.34% evals=25821 30.00s ls=6848
  [58/1080] A-n32-k5 sa time=30 seed=15354: D=784.0 gap=0.00% evals=47440 30.00s ls=0
  [59/1080] A-n32-k5 ortools time=30 seed=15354: D=784.0 gap=0.00% evals=0 29.90s ls=0
  [60/1080] A-n32-k5 rr_ls time=30 seed=15354: D=784.0 gap=0.00% evals=36440 30.00s ls=9183
  [61/1080] A-n32-k5 ortools time=30 seed=15355: D=784.0 gap=0.00% evals=0 29.91s ls=0
  [62/1080] A-n32-k5 qpso time=30 seed=15355: D=784.0 gap=0.00% evals=17159 30.00s ls=4172
  [63/1080] A-n32-k5 ga_ls time=30 seed=15355: D=829.0 gap=5.74% evals=25439 30.00s ls=6747
  [64/1080] A-n32-k5 pso_ls time=30 seed=15355: D=784.0 gap=0.00% evals=38200 30.00s ls=9635
  [65/1080] A-n32-k5 rr_ls time=30 seed=15355: D=784.0 gap=0.00% evals=36680 30.00s ls=9248
  [66/1080] A-n32-k5 sa time=30 seed=15355: D=784.0 gap=0.00% evals=47667 30.00s ls=0
  [67/1080] A-n32-k5 qpso time=30 seed=15356: D=784.0 gap=0.00% evals=17568 30.00s ls=4283
  [68/1080] A-n32-k5 pso_ls time=30 seed=15356: D=784.0 gap=0.00% evals=38880 30.00s ls=9808
  [69/1080] A-n32-k5 ga_ls time=30 seed=15356: D=784.0 gap=0.00% evals=26162 30.00s ls=6939
  [70/1080] A-n32-k5 rr_ls time=30 seed=15356: D=784.0 gap=0.00% evals=37791 30.00s ls=9525
  [71/1080] A-n32-k5 sa time=30 seed=15356: D=784.0 gap=0.00% evals=49285 30.00s ls=0
  [72/1080] A-n32-k5 ortools time=30 seed=15356: D=784.0 gap=0.00% evals=0 29.91s ls=0
  [73/1080] A-n32-k5 qpso time=30 seed=15357: D=784.0 gap=0.00% evals=17563 30.00s ls=4293
  [74/1080] A-n32-k5 pso_ls time=30 seed=15357: D=784.0 gap=0.00% evals=40553 30.00s ls=10222
  [75/1080] A-n32-k5 ga_ls time=30 seed=15357: D=784.0 gap=0.00% evals=26583 30.00s ls=7050
  [76/1080] A-n32-k5 sa time=30 seed=15357: D=796.0 gap=1.53% evals=48977 30.00s ls=0
  [77/1080] A-n32-k5 rr_ls time=30 seed=15357: D=784.0 gap=0.00% evals=38200 30.00s ls=9628
  [78/1080] A-n32-k5 ortools time=30 seed=15357: D=784.0 gap=0.00% evals=0 29.90s ls=0
  [79/1080] A-n32-k5 qpso time=30 seed=15358: D=784.0 gap=0.00% evals=17365 30.00s ls=4217
  [80/1080] A-n32-k5 pso_ls time=30 seed=15358: D=784.0 gap=0.00% evals=39360 30.00s ls=9929
  [81/1080] A-n32-k5 ga_ls time=30 seed=15358: D=804.0 gap=2.55% evals=26203 30.00s ls=6949
  [82/1080] A-n32-k5 sa time=30 seed=15358: D=829.0 gap=5.74% evals=49163 30.00s ls=0
  [83/1080] A-n32-k5 rr_ls time=30 seed=15358: D=784.0 gap=0.00% evals=37646 30.00s ls=9494
  [84/1080] A-n32-k5 ortools time=30 seed=15358: D=784.0 gap=0.00% evals=0 29.91s ls=0
  [85/1080] A-n32-k5 qpso time=30 seed=15359: D=784.0 gap=0.00% evals=17192 30.00s ls=4189
  [86/1080] A-n32-k5 pso_ls time=30 seed=15359: D=784.0 gap=0.00% evals=39160 30.00s ls=9870
  [87/1080] A-n32-k5 ga_ls time=30 seed=15359: D=814.0 gap=3.83% evals=26438 30.00s ls=7010
  [88/1080] A-n32-k5 sa time=30 seed=15359: D=829.0 gap=5.74% evals=49097 30.01s ls=0
  [89/1080] A-n32-k5 rr_ls time=30 seed=15359: D=784.0 gap=0.00% evals=37573 30.00s ls=9474
  [90/1080] A-n32-k5 ortools time=30 seed=15359: D=784.0 gap=0.00% evals=0 29.91s ls=0
  [91/1080] A-n32-k5 qpso time=30 seed=15360: D=784.0 gap=0.00% evals=16881 30.00s ls=4099
  [92/1080] A-n32-k5 ga_ls time=30 seed=15360: D=784.0 gap=0.00% evals=25652 30.00s ls=6799
  [93/1080] A-n32-k5 pso_ls time=30 seed=15360: D=784.0 gap=0.00% evals=40000 30.00s ls=10087
  [94/1080] A-n32-k5 sa time=30 seed=15360: D=828.0 gap=5.61% evals=48510 30.00s ls=0
  [95/1080] A-n32-k5 rr_ls time=30 seed=15360: D=784.0 gap=0.00% evals=37512 30.00s ls=9454
  [96/1080] A-n32-k5 ortools time=30 seed=15360: D=784.0 gap=0.00% evals=0 29.90s ls=0
  [97/1080] A-n32-k5 pso_ls time=30 seed=15361: D=784.0 gap=0.00% evals=39120 30.00s ls=9868
  [98/1080] A-n32-k5 ga_ls time=30 seed=15361: D=784.0 gap=0.00% evals=26066 30.00s ls=6909
  [99/1080] A-n32-k5 qpso time=30 seed=15361: D=784.0 gap=0.00% evals=16588 30.04s ls=4051
  [100/1080] A-n32-k5 sa time=30 seed=15361: D=784.0 gap=0.00% evals=45876 30.00s ls=0
  [101/1080] A-n32-k5 rr_ls time=30 seed=15361: D=784.0 gap=0.00% evals=35041 30.00s ls=8838
  [102/1080] A-n32-k5 ortools time=30 seed=15361: D=784.0 gap=0.00% evals=0 29.90s ls=0
  [103/1080] A-n32-k5 qpso time=30 seed=15362: D=784.0 gap=0.00% evals=16719 30.00s ls=4101
  [104/1080] A-n32-k5 pso_ls time=30 seed=15362: D=784.0 gap=0.00% evals=37319 30.00s ls=9404
  [105/1080] A-n32-k5 ga_ls time=30 seed=15362: D=813.0 gap=3.70% evals=25050 30.00s ls=6646
  [106/1080] A-n32-k5 sa time=30 seed=15362: D=784.0 gap=0.00% evals=45649 30.01s ls=0
  [107/1080] A-n32-k5 rr_ls time=30 seed=15362: D=784.0 gap=0.00% evals=35280 30.00s ls=8889
  [108/1080] A-n32-k5 ortools time=30 seed=15362: D=784.0 gap=0.00% evals=0 29.91s ls=0
  [109/1080] A-n32-k5 qpso time=30 seed=15363: D=784.0 gap=0.00% evals=17397 30.00s ls=4233
  [110/1080] A-n32-k5 pso_ls time=30 seed=15363: D=784.0 gap=0.00% evals=36209 30.00s ls=9131
  [111/1080] A-n32-k5 ga_ls time=30 seed=15363: D=796.0 gap=1.53% evals=24826 30.00s ls=6586
  [112/1080] A-n32-k5 sa time=30 seed=15363: D=827.0 gap=5.48% evals=46240 30.00s ls=0
  [113/1080] A-n32-k5 rr_ls time=30 seed=15363: D=784.0 gap=0.00% evals=35240 30.00s ls=8879
  [114/1080] A-n32-k5 ortools time=30 seed=15363: D=784.0 gap=0.00% evals=0 29.91s ls=0
  [115/1080] A-n32-k5 qpso time=30 seed=15364: D=784.0 gap=0.00% evals=16467 30.00s ls=4006
  [116/1080] A-n32-k5 pso_ls time=30 seed=15364: D=784.0 gap=0.00% evals=36599 30.00s ls=9222
  [117/1080] A-n32-k5 ga_ls time=30 seed=15364: D=796.0 gap=1.53% evals=24632 30.00s ls=6535
  [118/1080] A-n32-k5 sa time=30 seed=15364: D=784.0 gap=0.00% evals=45912 30.01s ls=0
  [119/1080] A-n32-k5 rr_ls time=30 seed=15364: D=784.0 gap=0.00% evals=35520 30.00s ls=8952
  [120/1080] A-n32-k5 ortools time=30 seed=15364: D=784.0 gap=0.00% evals=0 29.91s ls=0
  [121/1080] A-n32-k5 qpso time=30 seed=15365: D=784.0 gap=0.00% evals=16767 30.00s ls=4091
  [122/1080] A-n32-k5 pso_ls time=30 seed=15365: D=784.0 gap=0.00% evals=34120 30.00s ls=8599
  [123/1080] A-n32-k5 ga_ls time=30 seed=15365: D=784.0 gap=0.00% evals=22967 30.00s ls=6091
  [124/1080] A-n32-k5 sa time=30 seed=15365: D=784.0 gap=0.00% evals=42681 30.00s ls=0
  [125/1080] A-n32-k5 ortools time=30 seed=15365: D=784.0 gap=0.00% evals=0 29.90s ls=0
  [126/1080] A-n32-k5 rr_ls time=30 seed=15365: D=784.0 gap=0.00% evals=33080 30.00s ls=8343
  [127/1080] A-n32-k5 qpso time=30 seed=15366: D=784.0 gap=0.00% evals=15595 30.00s ls=3808
  [128/1080] A-n32-k5 pso_ls time=30 seed=15366: D=784.0 gap=0.00% evals=35440 30.00s ls=8931
  [129/1080] A-n32-k5 ga_ls time=30 seed=15366: D=849.0 gap=8.29% evals=23638 30.00s ls=6273
  [130/1080] A-n32-k5 sa time=30 seed=15366: D=828.0 gap=5.61% evals=43205 30.00s ls=0
  [131/1080] A-n32-k5 rr_ls time=30 seed=15366: D=784.0 gap=0.00% evals=32956 30.00s ls=8303
  [132/1080] A-n32-k5 ortools time=30 seed=15366: D=784.0 gap=0.00% evals=0 29.91s ls=0
  [133/1080] A-n32-k5 qpso time=30 seed=15367: D=784.0 gap=0.00% evals=15005 30.01s ls=3636
  [134/1080] A-n32-k5 pso_ls time=30 seed=15367: D=784.0 gap=0.00% evals=32920 30.00s ls=8303
  [135/1080] A-n32-k5 ga_ls time=30 seed=15367: D=832.0 gap=6.12% evals=21928 30.00s ls=5808
  [136/1080] A-n32-k5 rr_ls time=30 seed=15367: D=784.0 gap=0.00% evals=31040 30.01s ls=7826
  [137/1080] A-n32-k5 sa time=30 seed=15367: D=798.0 gap=1.79% evals=39669 30.00s ls=0
  [138/1080] A-n32-k5 ortools time=30 seed=15367: D=784.0 gap=0.00% evals=0 29.91s ls=0
  [139/1080] A-n32-k5 qpso time=30 seed=15368: D=784.0 gap=0.00% evals=14390 30.01s ls=3525
  [140/1080] A-n32-k5 pso_ls time=30 seed=15368: D=784.0 gap=0.00% evals=32360 30.00s ls=8159
  [141/1080] A-n32-k5 ga_ls time=30 seed=15368: D=829.0 gap=5.74% evals=21892 30.00s ls=5808
  [142/1080] A-n32-k5 sa time=30 seed=15368: D=784.0 gap=0.00% evals=39501 30.00s ls=0
  [143/1080] A-n32-k5 rr_ls time=30 seed=15368: D=784.0 gap=0.00% evals=30812 30.00s ls=7767
  [144/1080] A-n32-k5 ortools time=30 seed=15368: D=784.0 gap=0.00% evals=0 29.91s ls=0
  [145/1080] A-n32-k5 qpso time=30 seed=15369: D=784.0 gap=0.00% evals=16673 30.00s ls=4064
  [146/1080] A-n32-k5 pso_ls time=30 seed=15369: D=784.0 gap=0.00% evals=37000 30.00s ls=9325
  [147/1080] A-n32-k5 ga_ls time=30 seed=15369: D=785.0 gap=0.13% evals=24740 30.00s ls=6557
  [148/1080] A-n32-k5 sa time=30 seed=15369: D=784.0 gap=0.00% evals=46418 30.00s ls=0
  [149/1080] A-n32-k5 rr_ls time=30 seed=15369: D=784.0 gap=0.00% evals=35988 30.00s ls=9070
  [150/1080] A-n32-k5 ortools time=30 seed=15369: D=784.0 gap=0.00% evals=0 29.90s ls=0
  [151/1080] A-n32-k5 qpso time=30 seed=15370: D=784.0 gap=0.00% evals=17289 30.00s ls=4227
  [152/1080] A-n32-k5 pso_ls time=30 seed=15370: D=784.0 gap=0.00% evals=37320 30.00s ls=9406
  [153/1080] A-n32-k5 ga_ls time=30 seed=15370: D=784.0 gap=0.00% evals=25442 30.00s ls=6747
  [154/1080] A-n32-k5 sa time=30 seed=15370: D=832.0 gap=6.12% evals=47221 30.00s ls=0
  [155/1080] A-n32-k5 rr_ls time=30 seed=15370: D=784.0 gap=0.00% evals=36034 30.00s ls=9080
  [156/1080] A-n32-k5 ortools time=30 seed=15370: D=784.0 gap=0.00% evals=0 29.90s ls=0
  [157/1080] A-n32-k5 qpso time=30 seed=15371: D=784.0 gap=0.00% evals=16860 30.00s ls=4141
  [158/1080] A-n32-k5 pso_ls time=30 seed=15371: D=784.0 gap=0.00% evals=36560 30.00s ls=9214
  [159/1080] A-n32-k5 ga_ls time=30 seed=15371: D=784.0 gap=0.00% evals=24892 30.00s ls=6601
  [160/1080] A-n32-k5 sa time=30 seed=15371: D=784.0 gap=0.00% evals=46342 30.00s ls=0
  [161/1080] A-n32-k5 rr_ls time=30 seed=15371: D=784.0 gap=0.00% evals=35920 30.00s ls=9055
  [162/1080] A-n32-k5 ortools time=30 seed=15371: D=784.0 gap=0.00% evals=0 29.90s ls=0
  [163/1080] A-n32-k5 qpso time=30 seed=15372: D=784.0 gap=0.00% evals=16749 30.00s ls=4091
  [164/1080] A-n32-k5 pso_ls time=30 seed=15372: D=784.0 gap=0.00% evals=37560 30.00s ls=9467
  [165/1080] A-n32-k5 ga_ls time=30 seed=15372: D=796.0 gap=1.53% evals=25006 30.00s ls=6634
  [166/1080] A-n32-k5 sa time=30 seed=15372: D=785.0 gap=0.13% evals=44177 30.00s ls=0
  [167/1080] A-n32-k5 rr_ls time=30 seed=15372: D=784.0 gap=0.00% evals=33727 30.00s ls=8505
  [168/1080] A-n32-k5 ortools time=30 seed=15372: D=784.0 gap=0.00% evals=0 29.90s ls=0
  [169/1080] A-n32-k5 qpso time=30 seed=15373: D=784.0 gap=0.00% evals=16549 30.00s ls=4039
  [170/1080] A-n32-k5 pso_ls time=30 seed=15373: D=784.0 gap=0.00% evals=34880 30.00s ls=8798
  [171/1080] A-n32-k5 ga_ls time=30 seed=15373: D=796.0 gap=1.53% evals=23617 30.00s ls=6262
  [172/1080] A-n32-k5 sa time=30 seed=15373: D=831.0 gap=5.99% evals=43995 30.00s ls=0
  [173/1080] A-n32-k5 rr_ls time=30 seed=15373: D=784.0 gap=0.00% evals=34000 30.00s ls=8574
  [174/1080] A-n32-k5 ortools time=30 seed=15373: D=784.0 gap=0.00% evals=0 29.91s ls=0
  [175/1080] A-n32-k5 qpso time=30 seed=15374: D=784.0 gap=0.00% evals=16339 30.00s ls=3990
  [176/1080] A-n32-k5 pso_ls time=30 seed=15374: D=784.0 gap=0.00% evals=35440 30.00s ls=8934
  [177/1080] A-n32-k5 ga_ls time=30 seed=15374: D=784.0 gap=0.00% evals=23866 30.00s ls=6328
  [178/1080] A-n32-k5 sa time=30 seed=15374: D=784.0 gap=0.00% evals=44572 30.00s ls=0
  [179/1080] A-n32-k5 rr_ls time=30 seed=15374: D=784.0 gap=0.00% evals=33920 30.00s ls=8553
  [180/1080] A-n32-k5 ortools time=30 seed=15374: D=784.0 gap=0.00% evals=0 29.91s ls=0
  [181/1080] A-n63-k9 qpso time=30 seed=17345: D=1655.0 gap=2.41% evals=5540 30.00s ls=1340
  [182/1080] A-n63-k9 pso_ls time=30 seed=17345: D=1648.0 gap=1.98% evals=16095 30.00s ls=4051
  [183/1080] A-n63-k9 ga_ls time=30 seed=17345: D=1699.0 gap=5.14% evals=16659 30.00s ls=4414
  [184/1080] A-n63-k9 sa time=30 seed=17345: D=1808.0 gap=11.88% evals=31131 30.00s ls=0
  [185/1080] A-n63-k9 rr_ls time=30 seed=17345: D=1683.0 gap=4.15% evals=16440 30.00s ls=4134
  [186/1080] A-n63-k9 ortools time=30 seed=17345: D=1737.0 gap=7.49% evals=0 29.91s ls=0
  [187/1080] A-n63-k9 qpso time=30 seed=17346: D=1663.0 gap=2.91% evals=5580 30.00s ls=1368
  [188/1080] A-n63-k9 pso_ls time=30 seed=17346: D=1667.0 gap=3.16% evals=18353 30.00s ls=4616
  [189/1080] A-n63-k9 ga_ls time=30 seed=17346: D=1665.0 gap=3.03% evals=17710 30.00s ls=4697
  [190/1080] A-n63-k9 sa time=30 seed=17346: D=1779.0 gap=10.09% evals=33207 30.00s ls=0
  [191/1080] A-n63-k9 rr_ls time=30 seed=17346: D=1681.0 gap=4.02% evals=17513 30.00s ls=4404
  [192/1080] A-n63-k9 ortools time=30 seed=17346: D=1737.0 gap=7.49% evals=0 29.90s ls=0
  [193/1080] A-n63-k9 qpso time=30 seed=17347: D=1646.0 gap=1.86% evals=6231 30.01s ls=1526
  [194/1080] A-n63-k9 pso_ls time=30 seed=17347: D=1643.0 gap=1.67% evals=17246 30.00s ls=4343
  [195/1080] A-n63-k9 ga_ls time=30 seed=17347: D=1655.0 gap=2.41% evals=18105 30.00s ls=4798
  [196/1080] A-n63-k9 sa time=30 seed=17347: D=1752.0 gap=8.42% evals=32907 30.00s ls=0
  [197/1080] A-n63-k9 rr_ls time=30 seed=17347: D=1682.0 gap=4.08% evals=17600 30.00s ls=4431
  [198/1080] A-n63-k9 ortools time=30 seed=17347: D=1737.0 gap=7.49% evals=0 29.90s ls=0
  [199/1080] A-n63-k9 qpso time=30 seed=17348: D=1638.0 gap=1.36% evals=6154 30.01s ls=1494
  [200/1080] A-n63-k9 pso_ls time=30 seed=17348: D=1642.0 gap=1.61% evals=17760 30.01s ls=4466
  [201/1080] A-n63-k9 ga_ls time=30 seed=17348: D=1716.0 gap=6.19% evals=18052 30.00s ls=4778
  [202/1080] A-n63-k9 sa time=30 seed=17348: D=1766.0 gap=9.28% evals=32901 30.00s ls=0
  [203/1080] A-n63-k9 rr_ls time=30 seed=17348: D=1651.0 gap=2.17% evals=17528 30.00s ls=4414
  [204/1080] A-n63-k9 ortools time=30 seed=17348: D=1737.0 gap=7.49% evals=0 29.91s ls=0
  [205/1080] A-n63-k9 qpso time=30 seed=17349: D=1698.0 gap=5.07% evals=6636 30.00s ls=1593
  [206/1080] A-n63-k9 pso_ls time=30 seed=17349: D=1635.0 gap=1.18% evals=17585 30.01s ls=4424
  [207/1080] A-n63-k9 ga_ls time=30 seed=17349: D=1670.0 gap=3.34% evals=17675 30.00s ls=4687
  [208/1080] A-n63-k9 sa time=30 seed=17349: D=1775.0 gap=9.84% evals=32696 30.00s ls=0
  [209/1080] A-n63-k9 rr_ls time=30 seed=17349: D=1696.0 gap=4.95% evals=17480 30.00s ls=4402
  [210/1080] A-n63-k9 ortools time=30 seed=17349: D=1737.0 gap=7.49% evals=0 29.90s ls=0
  [211/1080] A-n63-k9 qpso time=30 seed=17350: D=1661.0 gap=2.78% evals=5423 30.01s ls=1321
  [212/1080] A-n63-k9 pso_ls time=30 seed=17350: D=1646.0 gap=1.86% evals=19000 30.01s ls=4780
  [213/1080] A-n63-k9 ga_ls time=30 seed=17350: D=1663.0 gap=2.91% evals=18680 30.01s ls=4949
  [214/1080] A-n63-k9 sa time=30 seed=17350: D=1777.0 gap=9.96% evals=34342 30.01s ls=0
  [215/1080] A-n63-k9 rr_ls time=30 seed=17350: D=1668.0 gap=3.22% evals=18160 30.00s ls=4573
  [216/1080] A-n63-k9 ortools time=30 seed=17350: D=1737.0 gap=7.49% evals=0 29.90s ls=0
  [217/1080] A-n63-k9 qpso time=30 seed=17351: D=1668.0 gap=3.22% evals=7392 30.00s ls=1808
  [218/1080] A-n63-k9 pso_ls time=30 seed=17351: D=1645.0 gap=1.79% evals=17840 30.00s ls=4486
  [219/1080] A-n63-k9 ga_ls time=30 seed=17351: D=1676.0 gap=3.71% evals=18842 30.01s ls=4990
  [220/1080] A-n63-k9 sa time=30 seed=17351: D=1699.0 gap=5.14% evals=34314 30.01s ls=0
  [221/1080] A-n63-k9 rr_ls time=30 seed=17351: D=1680.0 gap=3.96% evals=17514 30.00s ls=4404
  [222/1080] A-n63-k9 ortools time=30 seed=17351: D=1737.0 gap=7.49% evals=0 29.91s ls=0
  [223/1080] A-n63-k9 qpso time=30 seed=17352: D=1634.0 gap=1.11% evals=6749 30.00s ls=1646
  [224/1080] A-n63-k9 pso_ls time=30 seed=17352: D=1654.0 gap=2.35% evals=18280 30.01s ls=4604
  [225/1080] A-n63-k9 ga_ls time=30 seed=17352: D=1689.0 gap=4.52% evals=18052 30.00s ls=4783
  [226/1080] A-n63-k9 sa time=30 seed=17352: D=1718.0 gap=6.31% evals=32717 30.00s ls=0
  [227/1080] A-n63-k9 rr_ls time=30 seed=17352: D=1678.0 gap=3.84% evals=17600 30.00s ls=4432
  [228/1080] A-n63-k9 ortools time=30 seed=17352: D=1737.0 gap=7.49% evals=0 29.90s ls=0
  [229/1080] A-n63-k9 qpso time=30 seed=17353: D=1685.0 gap=4.27% evals=5680 30.01s ls=1387
  [230/1080] A-n63-k9 pso_ls time=30 seed=17353: D=1652.0 gap=2.23% evals=16720 30.01s ls=4203
  [231/1080] A-n63-k9 ga_ls time=30 seed=17353: D=1694.0 gap=4.83% evals=18097 30.01s ls=4798
  [232/1080] A-n63-k9 sa time=30 seed=17353: D=1855.0 gap=14.79% evals=33920 30.00s ls=0
  [233/1080] A-n63-k9 rr_ls time=30 seed=17353: D=1682.0 gap=4.08% evals=17974 30.00s ls=4525
  [234/1080] A-n63-k9 ortools time=30 seed=17353: D=1737.0 gap=7.49% evals=0 29.91s ls=0
  [235/1080] A-n63-k9 qpso time=30 seed=17354: D=1676.0 gap=3.71% evals=6618 30.00s ls=1607
  [236/1080] A-n63-k9 pso_ls time=30 seed=17354: D=1675.0 gap=3.65% evals=17836 30.00s ls=4485
  [237/1080] A-n63-k9 ga_ls time=30 seed=17354: D=1741.0 gap=7.74% evals=18418 30.00s ls=4879
  [238/1080] A-n63-k9 sa time=30 seed=17354: D=1746.0 gap=8.04% evals=33866 30.00s ls=0
  [239/1080] A-n63-k9 rr_ls time=30 seed=17354: D=1676.0 gap=3.71% evals=17920 30.00s ls=4514
  [240/1080] A-n63-k9 ortools time=30 seed=17354: D=1737.0 gap=7.49% evals=0 29.91s ls=0
  [241/1080] A-n63-k9 qpso time=30 seed=17355: D=1659.0 gap=2.66% evals=7372 30.00s ls=1808
  [242/1080] A-n63-k9 pso_ls time=30 seed=17355: D=1637.0 gap=1.30% evals=17800 30.00s ls=4485
  [243/1080] A-n63-k9 ga_ls time=30 seed=17355: D=1659.0 gap=2.66% evals=16099 30.00s ls=4263
  [244/1080] A-n63-k9 sa time=30 seed=17355: D=1807.0 gap=11.82% evals=29513 30.00s ls=0
  [245/1080] A-n63-k9 rr_ls time=30 seed=17355: D=1688.0 gap=4.46% evals=15600 30.00s ls=3922
  [246/1080] A-n63-k9 ortools time=30 seed=17355: D=1738.0 gap=7.55% evals=0 29.91s ls=0
  [247/1080] A-n63-k9 qpso time=30 seed=17356: D=1660.0 gap=2.72% evals=5037 30.00s ls=1223
  [248/1080] A-n63-k9 pso_ls time=30 seed=17356: D=1655.0 gap=2.41% evals=15763 30.00s ls=3970
  [249/1080] A-n63-k9 ga_ls time=30 seed=17356: D=1699.0 gap=5.14% evals=15926 30.01s ls=4222
  [250/1080] A-n63-k9 sa time=30 seed=17356: D=1704.0 gap=5.45% evals=29192 30.01s ls=0
  [251/1080] A-n63-k9 rr_ls time=30 seed=17356: D=1691.0 gap=4.64% evals=15593 30.00s ls=3919
  [252/1080] A-n63-k9 ortools time=30 seed=17356: D=1738.0 gap=7.55% evals=0 29.90s ls=0
  [253/1080] A-n63-k9 qpso time=30 seed=17357: D=1665.0 gap=3.03% evals=5523 30.00s ls=1360
  [254/1080] A-n63-k9 pso_ls time=30 seed=17357: D=1646.0 gap=1.86% evals=16360 30.00s ls=4118
  [255/1080] A-n63-k9 ga_ls time=30 seed=17357: D=1655.0 gap=2.41% evals=17862 30.00s ls=4733
  [256/1080] A-n63-k9 sa time=30 seed=17357: D=1730.0 gap=7.05% evals=32515 30.00s ls=0
  [257/1080] A-n63-k9 rr_ls time=30 seed=17357: D=1677.0 gap=3.77% evals=17240 30.00s ls=4335
  [258/1080] A-n63-k9 ortools time=30 seed=17357: D=1737.0 gap=7.49% evals=0 29.91s ls=0
  [259/1080] A-n63-k9 qpso time=30 seed=17358: D=1678.0 gap=3.84% evals=6294 30.00s ls=1543
  [260/1080] A-n63-k9 pso_ls time=30 seed=17358: D=1654.0 gap=2.35% evals=17522 30.00s ls=4414
  [261/1080] A-n63-k9 ga_ls time=30 seed=17358: D=1662.0 gap=2.85% evals=17520 30.00s ls=4643
  [262/1080] A-n63-k9 sa time=30 seed=17358: D=1807.0 gap=11.82% evals=32430 30.00s ls=0
  [263/1080] A-n63-k9 rr_ls time=30 seed=17358: D=1686.0 gap=4.33% evals=17320 30.00s ls=4355
  [264/1080] A-n63-k9 ortools time=30 seed=17358: D=1737.0 gap=7.49% evals=0 29.91s ls=0
  [265/1080] A-n63-k9 qpso time=30 seed=17359: D=1678.0 gap=3.84% evals=5004 30.00s ls=1212
  [266/1080] A-n63-k9 pso_ls time=30 seed=17359: D=1666.0 gap=3.09% evals=17120 30.01s ls=4307
  [267/1080] A-n63-k9 ga_ls time=30 seed=17359: D=1680.0 gap=3.96% evals=16847 30.00s ls=4465
  [268/1080] A-n63-k9 rr_ls time=30 seed=17359: D=1666.0 gap=3.09% evals=16480 30.00s ls=4149
  [269/1080] A-n63-k9 sa time=30 seed=17359: D=1759.0 gap=8.85% evals=30829 30.00s ls=0
  [270/1080] A-n63-k9 ortools time=30 seed=17359: D=1737.0 gap=7.49% evals=0 29.90s ls=0
  [271/1080] A-n63-k9 qpso time=30 seed=17360: D=1652.0 gap=2.23% evals=6535 30.00s ls=1606
  [272/1080] A-n63-k9 ga_ls time=30 seed=17360: D=1675.0 gap=3.65% evals=16260 30.00s ls=4303
  [273/1080] A-n63-k9 pso_ls time=30 seed=17360: D=1640.0 gap=1.49% evals=16596 30.00s ls=4172
  [274/1080] A-n63-k9 sa time=30 seed=17360: D=1767.0 gap=9.34% evals=30676 30.00s ls=0
  [275/1080] A-n63-k9 rr_ls time=30 seed=17360: D=1682.0 gap=4.08% evals=16600 30.01s ls=4174
  [276/1080] A-n63-k9 ortools time=30 seed=17360: D=1737.0 gap=7.49% evals=0 29.91s ls=0
  [277/1080] A-n63-k9 qpso time=30 seed=17361: D=1683.0 gap=4.15% evals=5540 30.00s ls=1360
  [278/1080] A-n63-k9 pso_ls time=30 seed=17361: D=1630.0 gap=0.87% evals=16880 30.00s ls=4252
  [279/1080] A-n63-k9 ga_ls time=30 seed=17361: D=1663.0 gap=2.91% evals=16628 30.01s ls=4404
  [280/1080] A-n63-k9 sa time=30 seed=17361: D=1798.0 gap=11.26% evals=30950 30.00s ls=0
  [281/1080] A-n63-k9 rr_ls time=30 seed=17361: D=1692.0 gap=4.70% evals=16480 30.01s ls=4146
  [282/1080] A-n63-k9 ortools time=30 seed=17361: D=1737.0 gap=7.49% evals=0 29.92s ls=0
  [283/1080] A-n63-k9 qpso time=30 seed=17362: D=1696.0 gap=4.95% evals=6293 30.00s ls=1531
  [284/1080] A-n63-k9 pso_ls time=30 seed=17362: D=1658.0 gap=2.60% evals=16560 30.00s ls=4165
  [285/1080] A-n63-k9 ga_ls time=30 seed=17362: D=1661.0 gap=2.78% evals=16867 30.00s ls=4465
  [286/1080] A-n63-k9 sa time=30 seed=17362: D=1771.0 gap=9.59% evals=31067 30.00s ls=0
  [287/1080] A-n63-k9 rr_ls time=30 seed=17362: D=1673.0 gap=3.53% evals=14543 30.00s ls=3657
  [288/1080] A-n63-k9 ortools time=30 seed=17362: D=1738.0 gap=7.55% evals=0 29.91s ls=0
  [289/1080] A-n63-k9 qpso time=30 seed=17363: D=1674.0 gap=3.59% evals=6438 30.00s ls=1567
  [290/1080] A-n63-k9 pso_ls time=30 seed=17363: D=1655.0 gap=2.41% evals=15240 30.00s ls=3828
  [291/1080] A-n63-k9 ga_ls time=30 seed=17363: D=1666.0 gap=3.09% evals=14594 30.00s ls=3867
  [292/1080] A-n63-k9 sa time=30 seed=17363: D=1824.0 gap=12.87% evals=26724 30.00s ls=0
  [293/1080] A-n63-k9 rr_ls time=30 seed=17363: D=1675.0 gap=3.65% evals=14520 30.00s ls=3648
  [294/1080] A-n63-k9 ortools time=30 seed=17363: D=1738.0 gap=7.55% evals=0 29.91s ls=0
  [295/1080] A-n63-k9 qpso time=30 seed=17364: D=1687.0 gap=4.39% evals=5884 30.00s ls=1445
  [296/1080] A-n63-k9 pso_ls time=30 seed=17364: D=1642.0 gap=1.61% evals=14120 30.01s ls=3553
  [297/1080] A-n63-k9 ga_ls time=30 seed=17364: D=1713.0 gap=6.00% evals=14710 30.00s ls=3899
  [298/1080] A-n63-k9 sa time=30 seed=17364: D=1784.0 gap=10.40% evals=28282 30.00s ls=0
  [299/1080] A-n63-k9 rr_ls time=30 seed=17364: D=1704.0 gap=5.45% evals=15240 30.00s ls=3835
  [300/1080] A-n63-k9 ortools time=30 seed=17364: D=1738.0 gap=7.55% evals=0 29.90s ls=0
  [301/1080] A-n63-k9 qpso time=30 seed=17365: D=1686.0 gap=4.33% evals=5286 30.00s ls=1273
  [302/1080] A-n63-k9 pso_ls time=30 seed=17365: D=1655.0 gap=2.41% evals=15480 30.01s ls=3892
  [303/1080] A-n63-k9 ga_ls time=30 seed=17365: D=1703.0 gap=5.38% evals=15534 30.00s ls=4111
  [304/1080] A-n63-k9 sa time=30 seed=17365: D=1710.0 gap=5.82% evals=28557 30.00s ls=0
  [305/1080] A-n63-k9 rr_ls time=30 seed=17365: D=1674.0 gap=3.59% evals=15379 30.00s ls=3869
  [306/1080] A-n63-k9 ortools time=30 seed=17365: D=1738.0 gap=7.55% evals=0 29.90s ls=0
  [307/1080] A-n63-k9 qpso time=30 seed=17366: D=1656.0 gap=2.48% evals=4667 30.00s ls=1130
  [308/1080] A-n63-k9 pso_ls time=30 seed=17366: D=1660.0 gap=2.72% evals=15400 30.00s ls=3878
  [309/1080] A-n63-k9 ga_ls time=30 seed=17366: D=1681.0 gap=4.02% evals=17753 30.00s ls=4707
  [310/1080] A-n63-k9 sa time=30 seed=17366: D=1736.0 gap=7.43% evals=32392 30.00s ls=0
  [311/1080] A-n63-k9 rr_ls time=30 seed=17366: D=1672.0 gap=3.47% evals=17280 30.00s ls=4352
  [312/1080] A-n63-k9 ortools time=30 seed=17366: D=1737.0 gap=7.49% evals=0 29.90s ls=0
  [313/1080] A-n63-k9 qpso time=30 seed=17367: D=1666.0 gap=3.09% evals=5586 30.00s ls=1363
  [314/1080] A-n63-k9 pso_ls time=30 seed=17367: D=1638.0 gap=1.36% evals=16670 30.00s ls=4192
  [315/1080] A-n63-k9 ga_ls time=30 seed=17367: D=1657.0 gap=2.54% evals=17711 30.00s ls=4697
  [316/1080] A-n63-k9 sa time=30 seed=17367: D=1802.0 gap=11.51% evals=32400 30.00s ls=0
  [317/1080] A-n63-k9 rr_ls time=30 seed=17367: D=1675.0 gap=3.65% evals=17117 30.00s ls=4303
  [318/1080] A-n63-k9 ortools time=30 seed=17367: D=1737.0 gap=7.49% evals=0 29.90s ls=0
  [319/1080] A-n63-k9 qpso time=30 seed=17368: D=1663.0 gap=2.91% evals=6325 30.01s ls=1554
  [320/1080] A-n63-k9 pso_ls time=30 seed=17368: D=1646.0 gap=1.86% evals=14280 30.00s ls=3587
  [321/1080] A-n63-k9 ga_ls time=30 seed=17368: D=1704.0 gap=5.45% evals=15138 30.00s ls=4010
  [322/1080] A-n63-k9 sa time=30 seed=17368: D=1812.0 gap=12.13% evals=27601 30.00s ls=0
  [323/1080] A-n63-k9 rr_ls time=30 seed=17368: D=1698.0 gap=5.07% evals=14800 30.00s ls=3718
  [324/1080] A-n63-k9 ortools time=30 seed=17368: D=1738.0 gap=7.55% evals=0 29.91s ls=0
  [325/1080] A-n63-k9 qpso time=30 seed=17369: D=1648.0 gap=1.98% evals=5613 30.01s ls=1373
  [326/1080] A-n63-k9 pso_ls time=30 seed=17369: D=1654.0 gap=2.35% evals=14600 30.01s ls=3675
  [327/1080] A-n63-k9 ga_ls time=30 seed=17369: D=1677.0 gap=3.77% evals=15211 30.00s ls=4030
  [328/1080] A-n63-k9 rr_ls time=30 seed=17369: D=1682.0 gap=4.08% evals=14840 30.00s ls=3728
  [329/1080] A-n63-k9 sa time=30 seed=17369: D=1837.0 gap=13.68% evals=27493 30.00s ls=0
  [330/1080] A-n63-k9 ortools time=30 seed=17369: D=1738.0 gap=7.55% evals=0 29.91s ls=0
  [331/1080] A-n63-k9 qpso time=30 seed=17370: D=1660.0 gap=2.72% evals=5296 30.00s ls=1292
  [332/1080] A-n63-k9 pso_ls time=30 seed=17370: D=1665.0 gap=3.03% evals=16144 30.00s ls=4061
  [333/1080] A-n63-k9 ga_ls time=30 seed=17370: D=1661.0 gap=2.78% evals=16380 30.00s ls=4335
  [334/1080] A-n63-k9 sa time=30 seed=17370: D=1819.0 gap=12.56% evals=29787 30.00s ls=0
  [335/1080] A-n63-k9 rr_ls time=30 seed=17370: D=1691.0 gap=4.64% evals=16000 30.01s ls=4021
  [336/1080] A-n63-k9 ortools time=30 seed=17370: D=1738.0 gap=7.55% evals=0 29.91s ls=0
  [337/1080] A-n63-k9 qpso time=30 seed=17371: D=1671.0 gap=3.40% evals=4593 30.00s ls=1128
  [338/1080] A-n63-k9 pso_ls time=30 seed=17371: D=1663.0 gap=2.91% evals=16400 30.01s ls=4127
  [339/1080] A-n63-k9 ga_ls time=30 seed=17371: D=1672.0 gap=3.47% evals=16380 30.00s ls=4334
  [340/1080] A-n63-k9 rr_ls time=30 seed=17371: D=1692.0 gap=4.70% evals=16125 30.00s ls=4061
  [341/1080] A-n63-k9 sa time=30 seed=17371: D=1752.0 gap=8.42% evals=29978 30.00s ls=0
  [342/1080] A-n63-k9 ortools time=30 seed=17371: D=1738.0 gap=7.55% evals=0 29.91s ls=0
  [343/1080] A-n63-k9 qpso time=30 seed=17372: D=1674.0 gap=3.59% evals=6006 30.01s ls=1465
  [344/1080] A-n63-k9 pso_ls time=30 seed=17372: D=1643.0 gap=1.67% evals=15600 30.00s ls=3928
  [345/1080] A-n63-k9 ga_ls time=30 seed=17372: D=1707.0 gap=5.63% evals=16219 30.01s ls=4293
  [346/1080] A-n63-k9 sa time=30 seed=17372: D=1830.0 gap=13.24% evals=29755 30.00s ls=0
  [347/1080] A-n63-k9 rr_ls time=30 seed=17372: D=1667.0 gap=3.16% evals=15520 30.00s ls=3907
  [348/1080] A-n63-k9 ortools time=30 seed=17372: D=1738.0 gap=7.55% evals=0 29.91s ls=0
  [349/1080] A-n63-k9 qpso time=30 seed=17373: D=1662.0 gap=2.85% evals=5334 30.00s ls=1314
  [350/1080] A-n63-k9 pso_ls time=30 seed=17373: D=1632.0 gap=0.99% evals=15160 30.00s ls=3816
  [351/1080] A-n63-k9 sa time=30 seed=17373: D=1698.0 gap=5.07% evals=29837 30.00s ls=0
  [352/1080] A-n63-k9 ga_ls time=30 seed=17373: D=1689.0 gap=4.52% evals=16063 30.00s ls=4253
  [353/1080] A-n63-k9 rr_ls time=30 seed=17373: D=1652.0 gap=2.23% evals=16480 30.00s ls=4142
  [354/1080] A-n63-k9 ortools time=30 seed=17373: D=1737.0 gap=7.49% evals=0 29.90s ls=0
  [355/1080] A-n63-k9 qpso time=30 seed=17374: D=1666.0 gap=3.09% evals=5363 30.00s ls=1293
  [356/1080] A-n63-k9 pso_ls time=30 seed=17374: D=1649.0 gap=2.04% evals=16413 30.00s ls=4131
  [357/1080] A-n63-k9 ga_ls time=30 seed=17374: D=1682.0 gap=4.08% evals=16552 30.00s ls=4384
  [358/1080] A-n63-k9 sa time=30 seed=17374: D=1812.0 gap=12.13% evals=30088 30.00s ls=0
  [359/1080] A-n63-k9 rr_ls time=30 seed=17374: D=1674.0 gap=3.59% evals=16560 30.00s ls=4172
  [360/1080] A-n63-k9 ortools time=30 seed=17374: D=1737.0 gap=7.49% evals=0 29.91s ls=0
  [361/1080] A-n80-k10 qpso time=30 seed=18345: D=1845.0 gap=4.65% evals=4394 30.00s ls=1063
  [362/1080] A-n80-k10 pso_ls time=30 seed=18345: D=1847.0 gap=4.76% evals=11480 30.00s ls=2885
  [363/1080] A-n80-k10 ga_ls time=30 seed=18345: D=1885.0 gap=6.92% evals=13164 30.00s ls=3485
  [364/1080] A-n80-k10 sa time=30 seed=18345: D=2094.0 gap=18.77% evals=23565 30.00s ls=0
  [365/1080] A-n80-k10 rr_ls time=30 seed=18345: D=1888.0 gap=7.09% evals=11168 30.00s ls=2808
  [366/1080] A-n80-k10 ortools time=30 seed=18345: D=1842.0 gap=4.48% evals=0 29.91s ls=0
  [367/1080] A-n80-k10 qpso time=30 seed=18346: D=1849.0 gap=4.88% evals=5353 30.00s ls=1307
  [368/1080] A-n80-k10 pso_ls time=30 seed=18346: D=1857.0 gap=5.33% evals=10680 30.01s ls=2687
  [369/1080] A-n80-k10 ga_ls time=30 seed=18346: D=1889.0 gap=7.15% evals=13226 30.00s ls=3502
  [370/1080] A-n80-k10 sa time=30 seed=18346: D=2013.0 gap=14.18% evals=23588 30.00s ls=0
  [371/1080] A-n80-k10 rr_ls time=30 seed=18346: D=1898.0 gap=7.66% evals=11120 30.01s ls=2789
  [372/1080] A-n80-k10 ortools time=30 seed=18346: D=1842.0 gap=4.48% evals=0 29.91s ls=0
  [373/1080] A-n80-k10 qpso time=30 seed=18347: D=1795.0 gap=1.82% evals=4472 30.00s ls=1088
  [374/1080] A-n80-k10 pso_ls time=30 seed=18347: D=1838.0 gap=4.25% evals=10969 30.00s ls=2758
  [375/1080] A-n80-k10 ga_ls time=30 seed=18347: D=1851.0 gap=4.99% evals=13304 30.00s ls=3525
  [376/1080] A-n80-k10 sa time=30 seed=18347: D=2005.0 gap=13.73% evals=23783 30.00s ls=0
  [377/1080] A-n80-k10 rr_ls time=30 seed=18347: D=1897.0 gap=7.60% evals=11280 30.00s ls=2833
  [378/1080] A-n80-k10 ortools time=30 seed=18347: D=1842.0 gap=4.48% evals=0 29.90s ls=0
  [379/1080] A-n80-k10 qpso time=30 seed=18348: D=1865.0 gap=5.79% evals=5448 30.01s ls=1324
  [380/1080] A-n80-k10 pso_ls time=30 seed=18348: D=1841.0 gap=4.42% evals=10400 30.01s ls=2607
  [381/1080] A-n80-k10 ga_ls time=30 seed=18348: D=1869.0 gap=6.01% evals=13568 30.00s ls=3592
  [382/1080] A-n80-k10 sa time=30 seed=18348: D=2014.0 gap=14.24% evals=23876 30.00s ls=0
  [383/1080] A-n80-k10 rr_ls time=30 seed=18348: D=1881.0 gap=6.69% evals=11280 30.00s ls=2832
  [384/1080] A-n80-k10 ortools time=30 seed=18348: D=1842.0 gap=4.48% evals=0 29.91s ls=0
  [385/1080] A-n80-k10 qpso time=30 seed=18349: D=1831.0 gap=3.86% evals=5245 30.01s ls=1293
  [386/1080] A-n80-k10 pso_ls time=30 seed=18349: D=1847.0 gap=4.76% evals=11480 30.00s ls=2883
  [387/1080] A-n80-k10 ga_ls time=30 seed=18349: D=1835.0 gap=4.08% evals=14138 30.00s ls=3738
  [388/1080] A-n80-k10 rr_ls time=30 seed=18349: D=1869.0 gap=6.01% evals=11720 30.00s ls=2948
  [389/1080] A-n80-k10 sa time=30 seed=18349: D=2065.0 gap=17.13% evals=24871 30.00s ls=0
  [390/1080] A-n80-k10 ortools time=30 seed=18349: D=1842.0 gap=4.48% evals=0 29.91s ls=0
  [391/1080] A-n80-k10 qpso time=30 seed=18350: D=1882.0 gap=6.75% evals=5374 30.01s ls=1303
  [392/1080] A-n80-k10 pso_ls time=30 seed=18350: D=1832.0 gap=3.91% evals=11760 30.01s ls=2959
  [393/1080] A-n80-k10 ga_ls time=30 seed=18350: D=1843.0 gap=4.54% evals=13844 30.00s ls=3667
  [394/1080] A-n80-k10 rr_ls time=30 seed=18350: D=1890.0 gap=7.20% evals=11720 30.01s ls=2946
  [395/1080] A-n80-k10 sa time=30 seed=18350: D=2057.0 gap=16.68% evals=24819 30.00s ls=0
  [396/1080] A-n80-k10 ortools time=30 seed=18350: D=1842.0 gap=4.48% evals=0 29.91s ls=0
  [397/1080] A-n80-k10 qpso time=30 seed=18351: D=1875.0 gap=6.35% evals=5494 30.00s ls=1340
  [398/1080] A-n80-k10 pso_ls time=30 seed=18351: D=1867.0 gap=5.90% evals=11160 30.01s ls=2805
  [399/1080] A-n80-k10 ga_ls time=30 seed=18351: D=1876.0 gap=6.41% evals=12675 30.00s ls=3354
  [400/1080] A-n80-k10 sa time=30 seed=18351: D=2047.0 gap=16.11% evals=22895 30.01s ls=0
  [401/1080] A-n80-k10 rr_ls time=30 seed=18351: D=1895.0 gap=7.49% evals=10919 30.01s ls=2738
  [402/1080] A-n80-k10 ortools time=30 seed=18351: D=1842.0 gap=4.48% evals=0 29.91s ls=0
  [403/1080] A-n80-k10 qpso time=30 seed=18352: D=1857.0 gap=5.33% evals=4285 30.00s ls=1061
  [404/1080] A-n80-k10 pso_ls time=30 seed=18352: D=1861.0 gap=5.56% evals=11080 30.00s ls=2786
  [405/1080] A-n80-k10 ga_ls time=30 seed=18352: D=1923.0 gap=9.08% evals=12737 30.01s ls=3374
  [406/1080] A-n80-k10 sa time=30 seed=18352: D=2040.0 gap=15.71% evals=22731 30.00s ls=0
  [407/1080] A-n80-k10 rr_ls time=30 seed=18352: D=1867.0 gap=5.90% evals=10895 30.00s ls=2738
  [408/1080] A-n80-k10 ortools time=30 seed=18352: D=1842.0 gap=4.48% evals=0 29.91s ls=0
  [409/1080] A-n80-k10 qpso time=30 seed=18353: D=1862.0 gap=5.62% evals=5530 30.00s ls=1344
  [410/1080] A-n80-k10 pso_ls time=30 seed=18353: D=1845.0 gap=4.65% evals=11040 30.01s ls=2774
  [411/1080] A-n80-k10 ga_ls time=30 seed=18353: D=1871.0 gap=6.13% evals=13568 30.00s ls=3596
  [412/1080] A-n80-k10 sa time=30 seed=18353: D=1942.0 gap=10.15% evals=23354 30.00s ls=0
  [413/1080] A-n80-k10 rr_ls time=30 seed=18353: D=1903.0 gap=7.94% evals=10960 30.00s ls=2751
  [414/1080] A-n80-k10 ortools time=30 seed=18353: D=1842.0 gap=4.48% evals=0 29.90s ls=0
  [415/1080] A-n80-k10 qpso time=30 seed=18354: D=1847.0 gap=4.76% evals=4997 30.01s ls=1233
  [416/1080] A-n80-k10 ga_ls time=30 seed=18354: D=1831.0 gap=3.86% evals=13447 30.00s ls=3556
  [417/1080] A-n80-k10 pso_ls time=30 seed=18354: D=1835.0 gap=4.08% evals=10520 30.01s ls=2645
  [418/1080] A-n80-k10 sa time=30 seed=18354: D=2049.0 gap=16.22% evals=23631 30.00s ls=0
  [419/1080] A-n80-k10 rr_ls time=30 seed=18354: D=1889.0 gap=7.15% evals=11280 30.01s ls=2831
  [420/1080] A-n80-k10 ortools time=30 seed=18354: D=1842.0 gap=4.48% evals=0 29.90s ls=0
  [421/1080] A-n80-k10 qpso time=30 seed=18355: D=1867.0 gap=5.90% evals=4886 30.01s ls=1192
  [422/1080] A-n80-k10 pso_ls time=30 seed=18355: D=1816.0 gap=3.01% evals=10920 30.01s ls=2742
  [423/1080] A-n80-k10 ga_ls time=30 seed=18355: D=1926.0 gap=9.25% evals=13728 30.00s ls=3636
  [424/1080] A-n80-k10 sa time=30 seed=18355: D=1985.0 gap=12.59% evals=23992 30.00s ls=0
  [425/1080] A-n80-k10 rr_ls time=30 seed=18355: D=1873.0 gap=6.24% evals=11440 30.00s ls=2872
  [426/1080] A-n80-k10 ortools time=30 seed=18355: D=1842.0 gap=4.48% evals=0 29.91s ls=0
  [427/1080] A-n80-k10 qpso time=30 seed=18356: D=1841.0 gap=4.42% evals=5338 30.00s ls=1301
  [428/1080] A-n80-k10 pso_ls time=30 seed=18356: D=1818.0 gap=3.12% evals=10800 30.00s ls=2714
  [429/1080] A-n80-k10 ga_ls time=30 seed=18356: D=1959.0 gap=11.12% evals=13783 30.01s ls=3647
  [430/1080] A-n80-k10 sa time=30 seed=18356: D=1977.0 gap=12.14% evals=24005 30.00s ls=0
  [431/1080] A-n80-k10 rr_ls time=30 seed=18356: D=1914.0 gap=8.56% evals=11423 30.00s ls=2869
  [432/1080] A-n80-k10 ortools time=30 seed=18356: D=1842.0 gap=4.48% evals=0 29.90s ls=0
  [433/1080] A-n80-k10 qpso time=30 seed=18357: D=1871.0 gap=6.13% evals=5462 30.00s ls=1344
  [434/1080] A-n80-k10 pso_ls time=30 seed=18357: D=1836.0 gap=4.14% evals=11160 30.00s ls=2800
  [435/1080] A-n80-k10 ga_ls time=30 seed=18357: D=1856.0 gap=5.28% evals=13865 30.00s ls=3667
  [436/1080] A-n80-k10 sa time=30 seed=18357: D=2017.0 gap=14.41% evals=24408 30.00s ls=0
  [437/1080] A-n80-k10 rr_ls time=30 seed=18357: D=1890.0 gap=7.20% evals=11560 30.01s ls=2907
  [438/1080] A-n80-k10 ortools time=30 seed=18357: D=1842.0 gap=4.48% evals=0 29.90s ls=0
  [439/1080] A-n80-k10 qpso time=30 seed=18358: D=1846.0 gap=4.71% evals=5417 30.01s ls=1334
  [440/1080] A-n80-k10 pso_ls time=30 seed=18358: D=1850.0 gap=4.93% evals=11814 30.00s ls=2970
  [441/1080] A-n80-k10 ga_ls time=30 seed=18358: D=1906.0 gap=8.11% evals=13530 30.00s ls=3586
  [442/1080] A-n80-k10 sa time=30 seed=18358: D=2082.0 gap=18.09% evals=24359 30.00s ls=0
  [443/1080] A-n80-k10 ortools time=30 seed=18358: D=1842.0 gap=4.48% evals=0 29.90s ls=0
  [444/1080] A-n80-k10 rr_ls time=30 seed=18358: D=1881.0 gap=6.69% evals=11280 30.00s ls=2837
  [445/1080] A-n80-k10 qpso time=30 seed=18359: D=1862.0 gap=5.62% evals=5328 30.00s ls=1302
  [446/1080] A-n80-k10 pso_ls time=30 seed=18359: D=1857.0 gap=5.33% evals=11720 30.00s ls=2949
  [447/1080] A-n80-k10 ga_ls time=30 seed=18359: D=1855.0 gap=5.22% evals=13605 30.00s ls=3596
  [448/1080] A-n80-k10 sa time=30 seed=18359: D=2056.0 gap=16.62% evals=24061 30.00s ls=0
  [449/1080] A-n80-k10 ortools time=30 seed=18359: D=1842.0 gap=4.48% evals=0 29.91s ls=0
  [450/1080] A-n80-k10 rr_ls time=30 seed=18359: D=1868.0 gap=5.96% evals=11400 30.01s ls=2861
  [451/1080] A-n80-k10 qpso time=30 seed=18360: D=1833.0 gap=3.97% evals=5089 30.01s ls=1255
  [452/1080] A-n80-k10 pso_ls time=30 seed=18360: D=1841.0 gap=4.42% evals=11000 30.00s ls=2761
  [453/1080] A-n80-k10 ga_ls time=30 seed=18360: D=1955.0 gap=10.89% evals=13941 30.01s ls=3687
  [454/1080] A-n80-k10 rr_ls time=30 seed=18360: D=1876.0 gap=6.41% evals=11586 30.00s ls=2909
  [455/1080] A-n80-k10 sa time=30 seed=18360: D=2041.0 gap=15.77% evals=24538 30.01s ls=0
  [456/1080] A-n80-k10 ortools time=30 seed=18360: D=1842.0 gap=4.48% evals=0 29.91s ls=0
  [457/1080] A-n80-k10 qpso time=30 seed=18361: D=1839.0 gap=4.31% evals=5307 30.00s ls=1303
  [458/1080] A-n80-k10 pso_ls time=30 seed=18361: D=1833.0 gap=3.97% evals=11355 30.00s ls=2849
  [459/1080] A-n80-k10 ga_ls time=30 seed=18361: D=1903.0 gap=7.94% evals=13839 30.00s ls=3667
  [460/1080] A-n80-k10 rr_ls time=30 seed=18361: D=1868.0 gap=5.96% evals=11640 30.00s ls=2926
  [461/1080] A-n80-k10 sa time=30 seed=18361: D=1997.0 gap=13.27% evals=24392 30.00s ls=0
  [462/1080] A-n80-k10 ortools time=30 seed=18361: D=1842.0 gap=4.48% evals=0 29.90s ls=0
  [463/1080] A-n80-k10 qpso time=30 seed=18362: D=1887.0 gap=7.03% evals=4338 30.00s ls=1051
  [464/1080] A-n80-k10 pso_ls time=30 seed=18362: D=1853.0 gap=5.10% evals=10034 30.00s ls=2515
  [465/1080] A-n80-k10 ga_ls time=30 seed=18362: D=1872.0 gap=6.18% evals=11949 30.01s ls=3162
  [466/1080] A-n80-k10 sa time=30 seed=18362: D=2058.0 gap=16.73% evals=21363 30.01s ls=0
  [467/1080] A-n80-k10 rr_ls time=30 seed=18362: D=1888.0 gap=7.09% evals=10045 30.00s ls=2525
  [468/1080] A-n80-k10 ortools time=30 seed=18362: D=1842.0 gap=4.48% evals=0 29.91s ls=0
  [469/1080] A-n80-k10 qpso time=30 seed=18363: D=1864.0 gap=5.73% evals=4569 30.00s ls=1132
  [470/1080] A-n80-k10 pso_ls time=30 seed=18363: D=1840.0 gap=4.37% evals=10422 30.00s ls=2616
  [471/1080] A-n80-k10 ga_ls time=30 seed=18363: D=1862.0 gap=5.62% evals=12003 30.00s ls=3172
  [472/1080] A-n80-k10 sa time=30 seed=18363: D=1936.0 gap=9.81% evals=21106 30.00s ls=0
  [473/1080] A-n80-k10 rr_ls time=30 seed=18363: D=1910.0 gap=8.34% evals=10160 30.01s ls=2552
  [474/1080] A-n80-k10 ortools time=30 seed=18363: D=1842.0 gap=4.48% evals=0 29.91s ls=0
  [475/1080] A-n80-k10 qpso time=30 seed=18364: D=1871.0 gap=6.13% evals=4411 30.01s ls=1071
  [476/1080] A-n80-k10 ga_ls time=30 seed=18364: D=1919.0 gap=8.85% evals=11611 30.01s ls=3071
  [477/1080] A-n80-k10 pso_ls time=30 seed=18364: D=1834.0 gap=4.03% evals=9320 30.01s ls=2342
  [478/1080] A-n80-k10 sa time=30 seed=18364: D=1998.0 gap=13.33% evals=20844 30.00s ls=0
  [479/1080] A-n80-k10 rr_ls time=30 seed=18364: D=1892.0 gap=7.32% evals=9960 30.00s ls=2504
  [480/1080] A-n80-k10 ortools time=30 seed=18364: D=1850.0 gap=4.93% evals=0 29.91s ls=0
  [481/1080] A-n80-k10 qpso time=30 seed=18365: D=1839.0 gap=4.31% evals=4414 30.01s ls=1087
  [482/1080] A-n80-k10 pso_ls time=30 seed=18365: D=1815.0 gap=2.95% evals=9455 30.00s ls=2374
  [483/1080] A-n80-k10 ga_ls time=30 seed=18365: D=1871.0 gap=6.13% evals=11820 30.01s ls=3131
  [484/1080] A-n80-k10 sa time=30 seed=18365: D=2047.0 gap=16.11% evals=21051 30.00s ls=0
  [485/1080] A-n80-k10 ortools time=30 seed=18365: D=1842.0 gap=4.48% evals=0 29.91s ls=0
  [486/1080] A-n80-k10 rr_ls time=30 seed=18365: D=1886.0 gap=6.98% evals=11160 30.00s ls=2802
  [487/1080] A-n80-k10 qpso time=30 seed=18366: D=1858.0 gap=5.39% evals=5303 30.00s ls=1311
  [488/1080] A-n80-k10 pso_ls time=30 seed=18366: D=1819.0 gap=3.18% evals=10760 30.00s ls=2701
  [489/1080] A-n80-k10 ga_ls time=30 seed=18366: D=1843.0 gap=4.54% evals=12893 30.00s ls=3414
  [490/1080] A-n80-k10 sa time=30 seed=18366: D=1964.0 gap=11.40% evals=23187 30.00s ls=0
  [491/1080] A-n80-k10 rr_ls time=30 seed=18366: D=1868.0 gap=5.96% evals=11160 30.00s ls=2808
  [492/1080] A-n80-k10 ortools time=30 seed=18366: D=1842.0 gap=4.48% evals=0 29.90s ls=0
  [493/1080] A-n80-k10 qpso time=30 seed=18367: D=1840.0 gap=4.37% evals=6012 30.01s ls=1466
  [494/1080] A-n80-k10 pso_ls time=30 seed=18367: D=1835.0 gap=4.08% evals=10455 30.00s ls=2626
  [495/1080] A-n80-k10 ga_ls time=30 seed=18367: D=1819.0 gap=3.18% evals=13302 30.00s ls=3517
  [496/1080] A-n80-k10 sa time=30 seed=18367: D=2031.0 gap=15.20% evals=22201 30.00s ls=0
  [497/1080] A-n80-k10 rr_ls time=30 seed=18367: D=1864.0 gap=5.73% evals=10600 30.00s ls=2661
  [498/1080] A-n80-k10 ortools time=30 seed=18367: D=1842.0 gap=4.48% evals=0 29.91s ls=0
  [499/1080] A-n80-k10 qpso time=30 seed=18368: D=1871.0 gap=6.13% evals=4693 30.00s ls=1152
  [500/1080] A-n80-k10 pso_ls time=30 seed=18368: D=1809.0 gap=2.61% evals=10240 30.01s ls=2569
  [501/1080] A-n80-k10 ga_ls time=30 seed=18368: D=1909.0 gap=8.28% evals=12429 30.01s ls=3293
  [502/1080] A-n80-k10 sa time=30 seed=18368: D=2094.0 gap=18.77% evals=22238 30.00s ls=0
  [503/1080] A-n80-k10 rr_ls time=30 seed=18368: D=1856.0 gap=5.28% evals=10527 30.00s ls=2647
  [504/1080] A-n80-k10 ortools time=30 seed=18368: D=1842.0 gap=4.48% evals=0 29.91s ls=0
  [505/1080] A-n80-k10 qpso time=30 seed=18369: D=1873.0 gap=6.24% evals=4375 30.00s ls=1070
  [506/1080] A-n80-k10 pso_ls time=30 seed=18369: D=1877.0 gap=6.47% evals=11200 30.01s ls=2817
  [507/1080] A-n80-k10 ga_ls time=30 seed=18369: D=1871.0 gap=6.13% evals=11630 30.00s ls=3071
  [508/1080] A-n80-k10 sa time=30 seed=18369: D=2035.0 gap=15.43% evals=21229 30.01s ls=0
  [509/1080] A-n80-k10 rr_ls time=30 seed=18369: D=1881.0 gap=6.69% evals=10200 30.01s ls=2565
  [510/1080] A-n80-k10 ortools time=30 seed=18369: D=1842.0 gap=4.48% evals=0 29.91s ls=0
  [511/1080] A-n80-k10 qpso time=30 seed=18370: D=1876.0 gap=6.41% evals=5532 30.01s ls=1352
  [512/1080] A-n80-k10 pso_ls time=30 seed=18370: D=1843.0 gap=4.54% evals=10197 30.00s ls=2556
  [513/1080] A-n80-k10 ga_ls time=30 seed=18370: D=1839.0 gap=4.31% evals=11782 30.00s ls=3117
  [514/1080] A-n80-k10 sa time=30 seed=18370: D=1944.0 gap=10.27% evals=21126 30.00s ls=0
  [515/1080] A-n80-k10 rr_ls time=30 seed=18370: D=1881.0 gap=6.69% evals=10158 30.00s ls=2546
  [516/1080] A-n80-k10 ortools time=30 seed=18370: D=1842.0 gap=4.48% evals=0 29.90s ls=0
  [517/1080] A-n80-k10 qpso time=30 seed=18371: D=1863.0 gap=5.67% evals=4998 30.01s ls=1212
  [518/1080] A-n80-k10 pso_ls time=30 seed=18371: D=1847.0 gap=4.76% evals=10295 30.00s ls=2586
  [519/1080] A-n80-k10 ga_ls time=30 seed=18371: D=1839.0 gap=4.31% evals=12390 30.01s ls=3276
  [520/1080] A-n80-k10 rr_ls time=30 seed=18371: D=1867.0 gap=5.90% evals=10680 30.00s ls=2684
  [521/1080] A-n80-k10 sa time=30 seed=18371: D=1940.0 gap=10.04% evals=22210 30.00s ls=0
  [522/1080] A-n80-k10 ortools time=30 seed=18371: D=1842.0 gap=4.48% evals=0 29.91s ls=0
  [523/1080] A-n80-k10 qpso time=30 seed=18372: D=1870.0 gap=6.07% evals=4937 30.01s ls=1210
  [524/1080] A-n80-k10 pso_ls time=30 seed=18372: D=1850.0 gap=4.93% evals=10520 30.00s ls=2639
  [525/1080] A-n80-k10 ga_ls time=30 seed=18372: D=1802.0 gap=2.21% evals=12537 30.00s ls=3313
  [526/1080] A-n80-k10 sa time=30 seed=18372: D=2024.0 gap=14.80% evals=22132 30.00s ls=0
  [527/1080] A-n80-k10 rr_ls time=30 seed=18372: D=1895.0 gap=7.49% evals=10680 30.00s ls=2687
  [528/1080] A-n80-k10 ortools time=30 seed=18372: D=1842.0 gap=4.48% evals=0 29.91s ls=0
  [529/1080] A-n80-k10 qpso time=30 seed=18373: D=1890.0 gap=7.20% evals=5421 30.00s ls=1334
  [530/1080] A-n80-k10 pso_ls time=30 seed=18373: D=1824.0 gap=3.46% evals=11200 30.00s ls=2808
  [531/1080] A-n80-k10 ga_ls time=30 seed=18373: D=1859.0 gap=5.45% evals=13264 30.00s ls=3513
  [532/1080] A-n80-k10 sa time=30 seed=18373: D=2120.0 gap=20.25% evals=23978 30.00s ls=0
  [533/1080] A-n80-k10 rr_ls time=30 seed=18373: D=1865.0 gap=5.79% evals=11280 30.00s ls=2829
  [534/1080] A-n80-k10 ortools time=30 seed=18373: D=1842.0 gap=4.48% evals=0 29.91s ls=0
  [535/1080] A-n80-k10 qpso time=30 seed=18374: D=1870.0 gap=6.07% evals=5568 30.01s ls=1365
  [536/1080] A-n80-k10 pso_ls time=30 seed=18374: D=1814.0 gap=2.89% evals=10560 30.01s ls=2652
  [537/1080] A-n80-k10 ga_ls time=30 seed=18374: D=1868.0 gap=5.96% evals=13520 30.00s ls=3576
  [538/1080] A-n80-k10 sa time=30 seed=18374: D=2076.0 gap=17.75% evals=24051 30.00s ls=0
  [539/1080] A-n80-k10 rr_ls time=30 seed=18374: D=1884.0 gap=6.86% evals=11280 30.01s ls=2834
  [540/1080] A-n80-k10 ortools time=30 seed=18374: D=1842.0 gap=4.48% evals=0 29.91s ls=0
  [541/1080] CMT1 qpso time=30 seed=19345: D=524.6 gap=0.00% evals=21217 30.01s ls=5215
  [542/1080] CMT1 pso_ls time=30 seed=19345: D=524.6 gap=0.00% evals=19717 30.00s ls=4960
  [543/1080] CMT1 ga_ls time=30 seed=19345: D=547.1 gap=4.29% evals=16696 30.00s ls=4424
  [544/1080] CMT1 sa time=30 seed=19345: D=568.6 gap=8.39% evals=28554 30.00s ls=0
  [545/1080] CMT1 rr_ls time=30 seed=19345: D=533.0 gap=1.60% evals=19047 30.00s ls=4798
  [546/1080] CMT1 ortools time=30 seed=19345: D=579.9 gap=10.54% evals=0 29.90s ls=0
  [547/1080] CMT1 qpso time=30 seed=19346: D=524.6 gap=0.00% evals=21071 30.00s ls=5192
  [548/1080] CMT1 pso_ls time=30 seed=19346: D=524.8 gap=0.04% evals=19760 30.01s ls=4980
  [549/1080] CMT1 ga_ls time=30 seed=19346: D=541.2 gap=3.16% evals=17096 30.00s ls=4525
  [550/1080] CMT1 sa time=30 seed=19346: D=542.3 gap=3.37% evals=29129 30.00s ls=0
  [551/1080] CMT1 rr_ls time=30 seed=19346: D=533.0 gap=1.60% evals=19644 30.00s ls=4949
  [552/1080] CMT1 ortools time=30 seed=19346: D=579.9 gap=10.54% evals=0 29.91s ls=0
  [553/1080] CMT1 qpso time=30 seed=19347: D=524.6 gap=0.00% evals=22581 30.00s ls=5545
  [554/1080] CMT1 pso_ls time=30 seed=19347: D=524.8 gap=0.04% evals=20400 30.00s ls=5134
  [555/1080] CMT1 ga_ls time=30 seed=19347: D=544.7 gap=3.83% evals=17897 30.01s ls=4737
  [556/1080] CMT1 sa time=30 seed=19347: D=542.8 gap=3.47% evals=29649 30.00s ls=0
  [557/1080] CMT1 rr_ls time=30 seed=19347: D=525.1 gap=0.10% evals=19799 30.00s ls=4980
  [558/1080] CMT1 ortools time=30 seed=19347: D=579.9 gap=10.54% evals=0 29.90s ls=0
  [559/1080] CMT1 qpso time=30 seed=19348: D=524.6 gap=0.00% evals=21253 30.01s ls=5252
  [560/1080] CMT1 pso_ls time=30 seed=19348: D=524.6 gap=0.00% evals=20603 30.00s ls=5192
  [561/1080] CMT1 ga_ls time=30 seed=19348: D=527.7 gap=0.58% evals=17880 30.00s ls=4737
  [562/1080] CMT1 sa time=30 seed=19348: D=539.7 gap=2.87% evals=30973 30.00s ls=0
  [563/1080] CMT1 rr_ls time=30 seed=19348: D=527.7 gap=0.58% evals=20360 30.00s ls=5131
  [564/1080] CMT1 ortools time=30 seed=19348: D=579.9 gap=10.54% evals=0 29.91s ls=0
  [565/1080] CMT1 qpso time=30 seed=19349: D=524.6 gap=0.00% evals=22234 30.00s ls=5442
  [566/1080] CMT1 pso_ls time=30 seed=19349: D=524.6 gap=0.00% evals=21407 30.00s ls=5394
  [567/1080] CMT1 ga_ls time=30 seed=19349: D=562.1 gap=7.14% evals=18018 30.00s ls=4778
  [568/1080] CMT1 sa time=30 seed=19349: D=546.1 gap=4.09% evals=30945 30.00s ls=0
  [569/1080] CMT1 rr_ls time=30 seed=19349: D=538.4 gap=2.63% evals=20444 30.00s ls=5151
  [570/1080] CMT1 ortools time=30 seed=19349: D=579.9 gap=10.54% evals=0 29.91s ls=0
  [571/1080] CMT1 qpso time=30 seed=19350: D=524.6 gap=0.00% evals=22767 30.00s ls=5548
  [572/1080] CMT1 pso_ls time=30 seed=19350: D=524.8 gap=0.04% evals=20976 30.00s ls=5283
  [573/1080] CMT1 ga_ls time=30 seed=19350: D=545.1 gap=3.90% evals=17172 30.00s ls=4545
  [574/1080] CMT1 sa time=30 seed=19350: D=557.4 gap=6.24% evals=29279 30.00s ls=0
  [575/1080] CMT1 rr_ls time=30 seed=19350: D=530.3 gap=1.08% evals=19280 30.01s ls=4859
  [576/1080] CMT1 ortools time=30 seed=19350: D=579.9 gap=10.54% evals=0 29.90s ls=0
  [577/1080] CMT1 qpso time=30 seed=19351: D=524.6 gap=0.00% evals=21184 30.00s ls=5210
  [578/1080] CMT1 pso_ls time=30 seed=19351: D=524.6 gap=0.00% evals=20640 30.00s ls=5192
  [579/1080] CMT1 ga_ls time=30 seed=19351: D=577.9 gap=10.15% evals=17385 30.00s ls=4606
  [580/1080] CMT1 sa time=30 seed=19351: D=542.5 gap=3.40% evals=29316 30.00s ls=0
  [581/1080] CMT1 rr_ls time=30 seed=19351: D=541.1 gap=3.15% evals=19292 30.00s ls=4859
  [582/1080] CMT1 ortools time=30 seed=19351: D=579.9 gap=10.54% evals=0 29.91s ls=0
  [583/1080] CMT1 qpso time=30 seed=19352: D=524.6 gap=0.00% evals=21345 30.00s ls=5232
  [584/1080] CMT1 pso_ls time=30 seed=19352: D=524.6 gap=0.00% evals=17880 30.00s ls=4503
  [585/1080] CMT1 ga_ls time=30 seed=19352: D=538.8 gap=2.70% evals=14958 30.00s ls=3960
  [586/1080] CMT1 sa time=30 seed=19352: D=551.7 gap=5.16% evals=25124 30.00s ls=0
  [587/1080] CMT1 rr_ls time=30 seed=19352: D=536.6 gap=2.29% evals=16851 30.00s ls=4242
  [588/1080] CMT1 ortools time=30 seed=19352: D=579.9 gap=10.54% evals=0 29.91s ls=0
  [589/1080] CMT1 qpso time=30 seed=19353: D=524.6 gap=0.00% evals=18657 30.01s ls=4566
  [590/1080] CMT1 pso_ls time=30 seed=19353: D=524.6 gap=0.00% evals=17760 30.00s ls=4475
  [591/1080] CMT1 ga_ls time=30 seed=19353: D=556.4 gap=6.05% evals=15240 30.01s ls=4040
  [592/1080] CMT1 rr_ls time=30 seed=19353: D=533.0 gap=1.60% evals=16760 30.00s ls=4215
  [593/1080] CMT1 sa time=30 seed=19353: D=556.1 gap=6.01% evals=25192 30.01s ls=0
  [594/1080] CMT1 ortools time=30 seed=19353: D=579.9 gap=10.54% evals=0 29.91s ls=0
  [595/1080] CMT1 qpso time=30 seed=19354: D=524.6 gap=0.00% evals=19597 30.00s ls=4822
  [596/1080] CMT1 pso_ls time=30 seed=19354: D=524.8 gap=0.04% evals=18576 30.00s ls=4677
  [597/1080] CMT1 ga_ls time=30 seed=19354: D=546.1 gap=4.09% evals=15544 30.01s ls=4121
  [598/1080] CMT1 sa time=30 seed=19354: D=529.2 gap=0.87% evals=26928 30.01s ls=0
  [599/1080] CMT1 rr_ls time=30 seed=19354: D=532.7 gap=1.55% evals=17760 30.00s ls=4475
  [600/1080] CMT1 ortools time=30 seed=19354: D=579.9 gap=10.54% evals=0 29.90s ls=0
  [601/1080] CMT1 qpso time=30 seed=19355: D=525.1 gap=0.10% evals=17877 30.00s ls=4384
  [602/1080] CMT1 pso_ls time=30 seed=19355: D=524.9 gap=0.06% evals=18200 30.00s ls=4584
  [603/1080] CMT1 ga_ls time=30 seed=19355: D=553.3 gap=5.46% evals=16273 30.00s ls=4313
  [604/1080] CMT1 sa time=30 seed=19355: D=573.1 gap=9.25% evals=26752 30.00s ls=0
  [605/1080] CMT1 rr_ls time=30 seed=19355: D=538.9 gap=2.72% evals=17800 30.01s ls=4480
  [606/1080] CMT1 ortools time=30 seed=19355: D=579.9 gap=10.54% evals=0 29.91s ls=0
  [607/1080] CMT1 qpso time=30 seed=19356: D=524.6 gap=0.00% evals=17885 30.00s ls=4354
  [608/1080] CMT1 ga_ls time=30 seed=19356: D=543.8 gap=3.65% evals=14829 30.00s ls=3929
  [609/1080] CMT1 pso_ls time=30 seed=19356: D=524.6 gap=0.00% evals=17280 30.01s ls=4352
  [610/1080] CMT1 sa time=30 seed=19356: D=538.5 gap=2.65% evals=25415 30.00s ls=0
  [611/1080] CMT1 rr_ls time=30 seed=19356: D=538.4 gap=2.63% evals=16880 30.00s ls=4248
  [612/1080] CMT1 ortools time=30 seed=19356: D=579.9 gap=10.54% evals=0 29.90s ls=0
  [613/1080] CMT1 qpso time=30 seed=19357: D=524.6 gap=0.00% evals=17903 30.00s ls=4364
  [614/1080] CMT1 pso_ls time=30 seed=19357: D=524.9 gap=0.06% evals=17440 30.00s ls=4387
  [615/1080] CMT1 ga_ls time=30 seed=19357: D=534.9 gap=1.96% evals=15068 30.00s ls=3990
  [616/1080] CMT1 sa time=30 seed=19357: D=537.7 gap=2.50% evals=25195 30.00s ls=0
  [617/1080] CMT1 rr_ls time=30 seed=19357: D=538.1 gap=2.58% evals=16960 30.01s ls=4271
  [618/1080] CMT1 ortools time=30 seed=19357: D=579.9 gap=10.54% evals=0 29.91s ls=0
  [619/1080] CMT1 qpso time=30 seed=19358: D=524.6 gap=0.00% evals=18344 30.00s ls=4502
  [620/1080] CMT1 pso_ls time=30 seed=19358: D=524.6 gap=0.00% evals=17280 30.00s ls=4346
  [621/1080] CMT1 ga_ls time=30 seed=19358: D=524.9 gap=0.06% evals=15276 30.01s ls=4040
  [622/1080] CMT1 sa time=30 seed=19358: D=537.2 gap=2.40% evals=25256 30.00s ls=0
  [623/1080] CMT1 rr_ls time=30 seed=19358: D=541.5 gap=3.23% evals=16909 30.01s ls=4253
  [624/1080] CMT1 ortools time=30 seed=19358: D=579.9 gap=10.54% evals=0 29.91s ls=0
  [625/1080] CMT1 qpso time=30 seed=19359: D=524.6 gap=0.00% evals=17712 30.00s ls=4349
  [626/1080] CMT1 pso_ls time=30 seed=19359: D=524.6 gap=0.00% evals=17520 30.00s ls=4411
  [627/1080] CMT1 ga_ls time=30 seed=19359: D=524.8 gap=0.04% evals=15072 30.00s ls=3990
  [628/1080] CMT1 sa time=30 seed=19359: D=567.5 gap=8.17% evals=24149 30.00s ls=0
  [629/1080] CMT1 rr_ls time=30 seed=19359: D=525.1 gap=0.10% evals=16024 30.00s ls=4030
  [630/1080] CMT1 ortools time=30 seed=19359: D=579.9 gap=10.54% evals=0 29.90s ls=0
  [631/1080] CMT1 qpso time=30 seed=19360: D=524.6 gap=0.00% evals=17151 30.00s ls=4212
  [632/1080] CMT1 pso_ls time=30 seed=19360: D=524.6 gap=0.00% evals=16663 30.00s ls=4192
  [633/1080] CMT1 ga_ls time=30 seed=19360: D=555.7 gap=5.93% evals=13814 30.00s ls=3657
  [634/1080] CMT1 sa time=30 seed=19360: D=555.4 gap=5.86% evals=24023 30.01s ls=0
  [635/1080] CMT1 rr_ls time=30 seed=19360: D=533.0 gap=1.60% evals=16060 30.00s ls=4040
  [636/1080] CMT1 ortools time=30 seed=19360: D=579.9 gap=10.54% evals=0 29.91s ls=0
  [637/1080] CMT1 qpso time=30 seed=19361: D=524.6 gap=0.00% evals=17267 30.00s ls=4232
  [638/1080] CMT1 pso_ls time=30 seed=19361: D=524.8 gap=0.04% evals=16800 30.00s ls=4225
  [639/1080] CMT1 ga_ls time=30 seed=19361: D=524.6 gap=0.00% evals=14418 30.00s ls=3818
  [640/1080] CMT1 sa time=30 seed=19361: D=557.4 gap=6.24% evals=24236 30.00s ls=0
  [641/1080] CMT1 rr_ls time=30 seed=19361: D=533.2 gap=1.64% evals=16040 30.00s ls=4034
  [642/1080] CMT1 ortools time=30 seed=19361: D=579.9 gap=10.54% evals=0 29.91s ls=0
  [643/1080] CMT1 qpso time=30 seed=19362: D=524.6 gap=0.00% evals=17755 30.00s ls=4343
  [644/1080] CMT1 pso_ls time=30 seed=19362: D=524.9 gap=0.06% evals=16601 30.00s ls=4182
  [645/1080] CMT1 ga_ls time=30 seed=19362: D=532.4 gap=1.49% evals=14236 30.01s ls=3768
  [646/1080] CMT1 sa time=30 seed=19362: D=552.4 gap=5.30% evals=24142 30.00s ls=0
  [647/1080] CMT1 rr_ls time=30 seed=19362: D=532.1 gap=1.42% evals=16091 30.00s ls=4051
  [648/1080] CMT1 ortools time=30 seed=19362: D=579.9 gap=10.54% evals=0 29.91s ls=0
  [649/1080] CMT1 qpso time=30 seed=19363: D=524.6 gap=0.00% evals=18076 30.00s ls=4414
  [650/1080] CMT1 pso_ls time=30 seed=19363: D=524.6 gap=0.00% evals=16760 30.00s ls=4222
  [651/1080] CMT1 ga_ls time=30 seed=19363: D=524.9 gap=0.06% evals=14325 30.01s ls=3788
  [652/1080] CMT1 sa time=30 seed=19363: D=538.3 gap=2.60% evals=23967 30.00s ls=0
  [653/1080] CMT1 rr_ls time=30 seed=19363: D=537.0 gap=2.36% evals=15920 30.00s ls=4007
  [654/1080] CMT1 ortools time=30 seed=19363: D=579.9 gap=10.54% evals=0 29.90s ls=0
  [655/1080] CMT1 qpso time=30 seed=19364: D=524.6 gap=0.00% evals=16988 30.00s ls=4162
  [656/1080] CMT1 pso_ls time=30 seed=19364: D=524.6 gap=0.00% evals=16680 30.00s ls=4197
  [657/1080] CMT1 ga_ls time=30 seed=19364: D=534.2 gap=1.82% evals=14183 30.00s ls=3758
  [658/1080] CMT1 sa time=30 seed=19364: D=554.8 gap=5.76% evals=24004 30.00s ls=0
  [659/1080] CMT1 rr_ls time=30 seed=19364: D=541.0 gap=3.13% evals=16200 30.00s ls=4072
  [660/1080] CMT1 ortools time=30 seed=19364: D=579.9 gap=10.54% evals=0 29.91s ls=0
  [661/1080] CMT1 qpso time=30 seed=19365: D=524.6 gap=0.00% evals=19228 30.00s ls=4707
  [662/1080] CMT1 pso_ls time=30 seed=19365: D=524.9 gap=0.06% evals=18600 30.00s ls=4683
  [663/1080] CMT1 ga_ls time=30 seed=19365: D=560.5 gap=6.84% evals=16494 30.00s ls=4372
  [664/1080] CMT1 sa time=30 seed=19365: D=555.4 gap=5.87% evals=27830 30.00s ls=0
  [665/1080] CMT1 rr_ls time=30 seed=19365: D=539.8 gap=2.90% evals=18359 30.00s ls=4616
  [666/1080] CMT1 ortools time=30 seed=19365: D=579.9 gap=10.54% evals=0 29.91s ls=0
  [667/1080] CMT1 qpso time=30 seed=19366: D=524.6 gap=0.00% evals=20647 30.01s ls=5057
  [668/1080] CMT1 pso_ls time=30 seed=19366: D=524.6 gap=0.00% evals=19559 30.00s ls=4919
  [669/1080] CMT1 ga_ls time=30 seed=19366: D=546.1 gap=4.09% evals=16375 30.01s ls=4333
  [670/1080] CMT1 sa time=30 seed=19366: D=547.8 gap=4.42% evals=27907 30.00s ls=0
  [671/1080] CMT1 rr_ls time=30 seed=19366: D=525.1 gap=0.10% evals=18520 30.00s ls=4663
  [672/1080] CMT1 ortools time=30 seed=19366: D=579.9 gap=10.54% evals=0 29.90s ls=0
  [673/1080] CMT1 qpso time=30 seed=19367: D=524.9 gap=0.06% evals=21307 30.01s ls=5246
  [674/1080] CMT1 pso_ls time=30 seed=19367: D=524.9 gap=0.06% evals=19770 30.00s ls=4980
  [675/1080] CMT1 ga_ls time=30 seed=19367: D=546.1 gap=4.09% evals=16978 30.00s ls=4495
  [676/1080] CMT1 sa time=30 seed=19367: D=553.2 gap=5.45% evals=28692 30.00s ls=0
  [677/1080] CMT1 rr_ls time=30 seed=19367: D=533.3 gap=1.65% evals=18840 30.01s ls=4740
  [678/1080] CMT1 ortools time=30 seed=19367: D=579.9 gap=10.54% evals=0 29.91s ls=0
  [679/1080] CMT1 qpso time=30 seed=19368: D=524.6 gap=0.00% evals=20043 30.00s ls=4909
  [680/1080] CMT1 ga_ls time=30 seed=19368: D=557.3 gap=6.23% evals=17000 30.00s ls=4505
  [681/1080] CMT1 pso_ls time=30 seed=19368: D=524.6 gap=0.00% evals=20182 30.00s ls=5081
  [682/1080] CMT1 sa time=30 seed=19368: D=539.6 gap=2.86% evals=28630 30.01s ls=0
  [683/1080] CMT1 rr_ls time=30 seed=19368: D=538.5 gap=2.65% evals=16840 30.00s ls=4236
  [684/1080] CMT1 ortools time=30 seed=19368: D=579.9 gap=10.54% evals=0 29.90s ls=0
  [685/1080] CMT1 qpso time=30 seed=19369: D=524.6 gap=0.00% evals=18417 30.00s ls=4525
  [686/1080] CMT1 pso_ls time=30 seed=19369: D=524.6 gap=0.00% evals=17640 30.00s ls=4437
  [687/1080] CMT1 ga_ls time=30 seed=19369: D=547.1 gap=4.29% evals=14742 30.00s ls=3899
  [688/1080] CMT1 sa time=30 seed=19369: D=574.8 gap=9.57% evals=24901 30.00s ls=0
  [689/1080] CMT1 rr_ls time=30 seed=19369: D=532.5 gap=1.50% evals=16960 30.00s ls=4272
  [690/1080] CMT1 ortools time=30 seed=19369: D=579.9 gap=10.54% evals=0 29.91s ls=0
  [691/1080] CMT1 pso_ls time=30 seed=19370: D=524.6 gap=0.00% evals=18000 30.00s ls=4530
  [692/1080] CMT1 qpso time=30 seed=19370: D=524.6 gap=0.00% evals=18309 30.00s ls=4485
  [693/1080] CMT1 ga_ls time=30 seed=19370: D=550.8 gap=4.99% evals=15126 30.00s ls=4010
  [694/1080] CMT1 sa time=30 seed=19370: D=568.0 gap=8.26% evals=29194 30.01s ls=0
  [695/1080] CMT1 rr_ls time=30 seed=19370: D=528.3 gap=0.70% evals=19341 30.00s ls=4869
  [696/1080] CMT1 ortools time=30 seed=19370: D=579.9 gap=10.54% evals=0 29.91s ls=0
  [697/1080] CMT1 qpso time=30 seed=19371: D=524.6 gap=0.00% evals=21466 30.01s ls=5277
  [698/1080] CMT1 pso_ls time=30 seed=19371: D=524.6 gap=0.00% evals=19731 30.00s ls=4970
  [699/1080] CMT1 ga_ls time=30 seed=19371: D=546.1 gap=4.09% evals=16873 30.00s ls=4465
  [700/1080] CMT1 sa time=30 seed=19371: D=546.0 gap=4.08% evals=29036 30.01s ls=0
  [701/1080] CMT1 rr_ls time=30 seed=19371: D=535.7 gap=2.12% evals=19480 30.00s ls=4903
  [702/1080] CMT1 ortools time=30 seed=19371: D=579.9 gap=10.54% evals=0 29.91s ls=0
  [703/1080] CMT1 qpso time=30 seed=19372: D=524.6 gap=0.00% evals=20561 30.00s ls=5039
  [704/1080] CMT1 pso_ls time=30 seed=19372: D=524.6 gap=0.00% evals=19720 30.00s ls=4965
  [705/1080] CMT1 ga_ls time=30 seed=19372: D=546.1 gap=4.09% evals=18012 30.00s ls=4768
  [706/1080] CMT1 sa time=30 seed=19372: D=546.6 gap=4.20% evals=30465 30.00s ls=0
  [707/1080] CMT1 rr_ls time=30 seed=19372: D=536.7 gap=2.30% evals=19920 30.00s ls=5015
  [708/1080] CMT1 ortools time=30 seed=19372: D=579.9 gap=10.54% evals=0 29.91s ls=0
  [709/1080] CMT1 qpso time=30 seed=19373: D=524.6 gap=0.00% evals=21740 30.00s ls=5313
  [710/1080] CMT1 pso_ls time=30 seed=19373: D=524.6 gap=0.00% evals=20760 30.00s ls=5231
  [711/1080] CMT1 ga_ls time=30 seed=19373: D=551.4 gap=5.11% evals=18255 30.01s ls=4838
  [712/1080] CMT1 sa time=30 seed=19373: D=545.9 gap=4.05% evals=30452 30.00s ls=0
  [713/1080] CMT1 ortools time=30 seed=19373: D=579.9 gap=10.54% evals=0 29.90s ls=0
  [714/1080] CMT1 rr_ls time=30 seed=19373: D=531.0 gap=1.22% evals=19960 30.00s ls=5022
  [715/1080] CMT1 qpso time=30 seed=19374: D=524.6 gap=0.00% evals=21405 30.00s ls=5218
  [716/1080] CMT1 pso_ls time=30 seed=19374: D=524.6 gap=0.00% evals=20906 30.00s ls=5263
  [717/1080] CMT1 ga_ls time=30 seed=19374: D=542.0 gap=3.31% evals=18187 30.00s ls=4818
  [718/1080] CMT1 sa time=30 seed=19374: D=557.6 gap=6.28% evals=30681 30.00s ls=0
  [719/1080] CMT1 rr_ls time=30 seed=19374: D=538.8 gap=2.70% evals=20240 30.00s ls=5101
  [720/1080] CMT1 ortools time=30 seed=19374: D=579.9 gap=10.54% evals=0 29.91s ls=0
  [721/1080] CMT5 qpso time=60 seed=20345: D=1428.4 gap=10.62% evals=2207 60.01s ls=540
  [722/1080] CMT5 pso_ls time=60 seed=20345: D=1449.1 gap=12.22% evals=1880 60.01s ls=465
  [723/1080] CMT5 ga_ls time=60 seed=20345: D=1398.0 gap=8.26% evals=9426 60.01s ls=2488
  [724/1080] CMT5 sa time=60 seed=20345: D=1993.6 gap=54.39% evals=16239 60.01s ls=0
  [725/1080] CMT5 rr_ls time=60 seed=20345: D=1477.4 gap=14.41% evals=2640 60.02s ls=655
  [726/1080] CMT5 ortools time=60 seed=20345: D=1470.6 gap=13.88% evals=0 59.92s ls=0
  [727/1080] CMT5 pso_ls time=60 seed=20346: D=1419.1 gap=9.90% evals=1840 60.01s ls=449
  [728/1080] CMT5 qpso time=60 seed=20346: D=1429.7 gap=10.72% evals=1760 60.02s ls=433
  [729/1080] CMT5 ga_ls time=60 seed=20346: D=1414.4 gap=9.53% evals=9540 60.01s ls=2523
  [730/1080] CMT5 sa time=60 seed=20346: D=1887.5 gap=46.17% evals=16096 60.01s ls=0
  [731/1080] CMT5 rr_ls time=60 seed=20346: D=1439.4 gap=11.47% evals=2680 60.02s ls=658
  [732/1080] CMT5 ortools time=60 seed=20346: D=1470.6 gap=13.88% evals=0 59.91s ls=0
  [733/1080] CMT5 qpso time=60 seed=20347: D=1420.0 gap=9.97% evals=1840 60.01s ls=455
  [734/1080] CMT5 pso_ls time=60 seed=20347: D=1431.4 gap=10.85% evals=1840 60.01s ls=454
  [735/1080] CMT5 ga_ls time=60 seed=20347: D=1394.8 gap=8.02% evals=9656 60.01s ls=2556
  [736/1080] CMT5 sa time=60 seed=20347: D=2001.0 gap=54.96% evals=16385 60.01s ls=0
  [737/1080] CMT5 rr_ls time=60 seed=20347: D=1469.0 gap=13.77% evals=2760 60.01s ls=678
  [738/1080] CMT5 ortools time=60 seed=20347: D=1470.6 gap=13.88% evals=0 59.91s ls=0
  [739/1080] CMT5 qpso time=60 seed=20348: D=1479.1 gap=14.55% evals=2006 60.01s ls=490
  [740/1080] CMT5 pso_ls time=60 seed=20348: D=1443.1 gap=11.76% evals=2025 60.01s ls=495
  [741/1080] CMT5 ga_ls time=60 seed=20348: D=1415.3 gap=9.61% evals=9388 60.01s ls=2482
  [742/1080] CMT5 sa time=60 seed=20348: D=1940.5 gap=50.28% evals=16073 60.01s ls=0
  [743/1080] CMT5 rr_ls time=60 seed=20348: D=1502.2 gap=16.34% evals=2760 60.01s ls=685
  [744/1080] CMT5 ortools time=60 seed=20348: D=1470.6 gap=13.88% evals=0 59.91s ls=0
  [745/1080] CMT5 ga_ls time=60 seed=20349: D=1430.3 gap=10.77% evals=9616 60.01s ls=2539
  [746/1080] CMT5 pso_ls time=60 seed=20349: D=1419.2 gap=9.91% evals=1840 60.03s ls=446
  [747/1080] CMT5 qpso time=60 seed=20349: D=1447.6 gap=12.11% evals=2042 60.02s ls=496
  [748/1080] CMT5 sa time=60 seed=20349: D=2119.6 gap=64.15% evals=16797 60.01s ls=0
  [749/1080] CMT5 ortools time=60 seed=20349: D=1470.6 gap=13.88% evals=0 59.91s ls=0
  [750/1080] CMT5 rr_ls time=60 seed=20349: D=1491.0 gap=15.47% evals=2800 60.01s ls=696
  [751/1080] CMT5 qpso time=60 seed=20350: D=1426.1 gap=10.44% evals=2056 60.01s ls=498
  [752/1080] CMT5 pso_ls time=60 seed=20350: D=1410.3 gap=9.21% evals=1920 60.01s ls=469
  [753/1080] CMT5 ga_ls time=60 seed=20350: D=1421.8 gap=10.11% evals=9996 60.01s ls=2645
  [754/1080] CMT5 sa time=60 seed=20350: D=2019.6 gap=56.40% evals=16543 60.01s ls=0
  [755/1080] CMT5 rr_ls time=60 seed=20350: D=1495.6 gap=15.82% evals=2800 60.01s ls=692
  [756/1080] CMT5 ortools time=60 seed=20350: D=1470.6 gap=13.88% evals=0 59.91s ls=0
  [757/1080] CMT5 ga_ls time=60 seed=20351: D=1417.9 gap=9.81% evals=9730 60.01s ls=2571
  [758/1080] CMT5 pso_ls time=60 seed=20351: D=1467.9 gap=13.68% evals=1840 60.02s ls=449
  [759/1080] CMT5 qpso time=60 seed=20351: D=1402.0 gap=8.58% evals=1977 60.02s ls=481
  [760/1080] CMT5 sa time=60 seed=20351: D=1955.7 gap=51.45% evals=16271 60.01s ls=0
  [761/1080] CMT5 rr_ls time=60 seed=20351: D=1466.8 gap=13.59% evals=2720 60.01s ls=673
  [762/1080] CMT5 ortools time=60 seed=20351: D=1470.6 gap=13.88% evals=0 59.92s ls=0
  [763/1080] CMT5 qpso time=60 seed=20352: D=1453.4 gap=12.55% evals=1760 60.03s ls=426
  [764/1080] CMT5 pso_ls time=60 seed=20352: D=1461.8 gap=13.20% evals=1960 60.01s ls=476
  [765/1080] CMT5 ga_ls time=60 seed=20352: D=1446.8 gap=12.04% evals=9516 60.01s ls=2515
  [766/1080] CMT5 sa time=60 seed=20352: D=2021.2 gap=56.53% evals=16129 60.01s ls=0
  [767/1080] CMT5 rr_ls time=60 seed=20352: D=1477.8 gap=14.44% evals=2680 60.01s ls=664
  [768/1080] CMT5 ortools time=60 seed=20352: D=1470.6 gap=13.88% evals=0 59.91s ls=0
  [769/1080] CMT5 qpso time=60 seed=20353: D=1442.9 gap=11.74% evals=1760 60.01s ls=430
  [770/1080] CMT5 pso_ls time=60 seed=20353: D=1450.0 gap=12.29% evals=1960 60.02s ls=479
  [771/1080] CMT5 ga_ls time=60 seed=20353: D=1460.7 gap=13.12% evals=9486 60.01s ls=2505
  [772/1080] CMT5 sa time=60 seed=20353: D=2002.5 gap=55.08% evals=15927 60.01s ls=0
  [773/1080] CMT5 rr_ls time=60 seed=20353: D=1438.8 gap=11.43% evals=2640 60.02s ls=653
  [774/1080] CMT5 ortools time=60 seed=20353: D=1470.6 gap=13.88% evals=0 59.91s ls=0
  [775/1080] CMT5 qpso time=60 seed=20354: D=1423.4 gap=10.23% evals=1821 60.01s ls=445
  [776/1080] CMT5 pso_ls time=60 seed=20354: D=1440.6 gap=11.56% evals=1880 60.02s ls=463
  [777/1080] CMT5 ga_ls time=60 seed=20354: D=1379.8 gap=6.85% evals=8856 60.02s ls=2343
  [778/1080] CMT5 sa time=60 seed=20354: D=1930.8 gap=49.53% evals=15653 60.01s ls=0
  [779/1080] CMT5 rr_ls time=60 seed=20354: D=1488.5 gap=15.28% evals=2600 60.01s ls=642
  [780/1080] CMT5 ortools time=60 seed=20354: D=1470.6 gap=13.88% evals=0 59.94s ls=0
  [781/1080] CMT5 qpso time=60 seed=20355: D=1467.9 gap=13.68% evals=1870 60.02s ls=446
  [782/1080] CMT5 pso_ls time=60 seed=20355: D=1441.7 gap=11.65% evals=1800 60.01s ls=436
  [783/1080] CMT5 ga_ls time=60 seed=20355: D=1440.9 gap=11.59% evals=8891 60.01s ls=2344
  [784/1080] CMT5 sa time=60 seed=20355: D=2000.5 gap=54.92% evals=15034 60.01s ls=0
  [785/1080] CMT5 ortools time=60 seed=20355: D=1470.6 gap=13.88% evals=0 59.91s ls=0
  [786/1080] CMT5 rr_ls time=60 seed=20355: D=1515.7 gap=17.38% evals=2480 60.01s ls=608
  [787/1080] CMT5 qpso time=60 seed=20356: D=1457.9 gap=12.90% evals=1885 60.01s ls=455
  [788/1080] CMT5 pso_ls time=60 seed=20356: D=1423.5 gap=10.24% evals=1800 60.02s ls=441
  [789/1080] CMT5 ga_ls time=60 seed=20356: D=1393.9 gap=7.95% evals=8502 60.01s ls=2243
  [790/1080] CMT5 sa time=60 seed=20356: D=2000.6 gap=54.93% evals=14741 60.01s ls=0
  [791/1080] CMT5 ortools time=60 seed=20356: D=1470.6 gap=13.88% evals=0 59.91s ls=0
  [792/1080] CMT5 rr_ls time=60 seed=20356: D=1513.2 gap=17.18% evals=2400 60.02s ls=590
  [793/1080] CMT5 qpso time=60 seed=20357: D=1452.6 gap=12.49% evals=1961 60.05s ls=480
  [794/1080] CMT5 pso_ls time=60 seed=20357: D=1435.7 gap=11.18% evals=1800 60.04s ls=437
  [795/1080] CMT5 ga_ls time=60 seed=20357: D=1431.9 gap=10.89% evals=8943 60.02s ls=2364
  [796/1080] CMT5 rr_ls time=60 seed=20357: D=1467.5 gap=13.64% evals=2548 60.01s ls=627
  [797/1080] CMT5 sa time=60 seed=20357: D=1926.3 gap=49.18% evals=15342 60.01s ls=0
  [798/1080] CMT5 ortools time=60 seed=20357: D=1470.6 gap=13.88% evals=0 59.92s ls=0
  [799/1080] CMT5 qpso time=60 seed=20358: D=1427.5 gap=10.55% evals=1770 60.04s ls=432
  [800/1080] CMT5 pso_ls time=60 seed=20358: D=1440.5 gap=11.56% evals=1880 60.01s ls=462
  [801/1080] CMT5 ga_ls time=60 seed=20358: D=1401.3 gap=8.52% evals=9232 60.01s ls=2435
  [802/1080] CMT5 sa time=60 seed=20358: D=1961.9 gap=51.93% evals=15688 60.01s ls=0
  [803/1080] CMT5 rr_ls time=60 seed=20358: D=1483.3 gap=14.87% evals=2640 60.01s ls=651
  [804/1080] CMT5 ortools time=60 seed=20358: D=1470.6 gap=13.88% evals=0 59.91s ls=0
  [805/1080] CMT5 qpso time=60 seed=20359: D=1466.8 gap=13.59% evals=2246 60.01s ls=554
  [806/1080] CMT5 pso_ls time=60 seed=20359: D=1448.6 gap=12.18% evals=1720 60.01s ls=419
  [807/1080] CMT5 ga_ls time=60 seed=20359: D=1419.9 gap=9.96% evals=9578 60.01s ls=2530
  [808/1080] CMT5 sa time=60 seed=20359: D=1981.3 gap=53.43% evals=16141 60.01s ls=0
  [809/1080] CMT5 rr_ls time=60 seed=20359: D=1448.7 gap=12.19% evals=2840 60.01s ls=698
  [810/1080] CMT5 ortools time=60 seed=20359: D=1470.6 gap=13.88% evals=0 59.91s ls=0
  [811/1080] CMT5 pso_ls time=60 seed=20360: D=1456.4 gap=12.78% evals=2480 60.02s ls=612
  [812/1080] CMT5 qpso time=60 seed=20360: D=1432.5 gap=10.94% evals=2120 60.02s ls=522
  [813/1080] CMT5 ga_ls time=60 seed=20360: D=1434.4 gap=11.09% evals=10072 60.01s ls=2660
  [814/1080] CMT5 sa time=60 seed=20360: D=1879.5 gap=45.55% evals=17015 60.02s ls=0
  [815/1080] CMT5 rr_ls time=60 seed=20360: D=1521.2 gap=17.80% evals=2440 60.01s ls=597
  [816/1080] CMT5 ortools time=60 seed=20360: D=1470.6 gap=13.88% evals=0 59.91s ls=0
  [817/1080] CMT5 qpso time=60 seed=20361: D=1437.8 gap=11.35% evals=1779 60.01s ls=428
  [818/1080] CMT5 ga_ls time=60 seed=20361: D=1463.8 gap=13.36% evals=8501 60.01s ls=2243
  [819/1080] CMT5 pso_ls time=60 seed=20361: D=1470.2 gap=13.86% evals=1920 60.02s ls=471
  [820/1080] CMT5 pso_ls time=60 seed=20362: D=1439.9 gap=11.51% evals=1252 60.22s ls=303
  [821/1080] CMT5 qpso time=60 seed=20362: D=1474.5 gap=14.19% evals=1564 60.25s ls=383
  [822/1080] CMT5 rr_ls time=60 seed=20361: D=1471.2 gap=13.93% evals=2040 60.40s ls=497
  [823/1080] CMT5 ga_ls time=60 seed=20362: D=1379.0 gap=6.80% evals=6758 60.24s ls=1778
  [824/1080] CMT5 sa time=60 seed=20361: D=2064.9 gap=59.91% evals=12018 60.40s ls=0
  [825/1080] CMT5 ortools time=60 seed=20361: D=1470.6 gap=13.88% evals=0 60.27s ls=0
  [826/1080] CMT5 rr_ls time=60 seed=20362: D=1502.6 gap=16.36% evals=2200 60.01s ls=540
  [827/1080] CMT5 sa time=60 seed=20362: D=2041.5 gap=58.10% evals=12760 60.02s ls=0
  [828/1080] CMT5 ortools time=60 seed=20362: D=1470.6 gap=13.88% evals=0 59.91s ls=0
  [829/1080] CMT5 pso_ls time=60 seed=20363: D=1411.8 gap=9.33% evals=1515 60.01s ls=364
  [830/1080] CMT5 qpso time=60 seed=20363: D=1429.3 gap=10.69% evals=1405 60.02s ls=340
  [831/1080] CMT5 ortools time=60 seed=20363: D=1470.6 gap=13.88% evals=0 59.91s ls=0
  [832/1080] CMT5 ga_ls time=60 seed=20363: D=1455.0 gap=12.68% evals=8396 60.01s ls=2212
  [833/1080] CMT5 qpso time=60 seed=20364: D=1429.4 gap=10.70% evals=1903 60.01s ls=457
  [834/1080] CMT5 rr_ls time=60 seed=20363: D=1499.0 gap=16.08% evals=2360 60.01s ls=583
  [835/1080] CMT5 sa time=60 seed=20363: D=1979.2 gap=53.28% evals=14330 60.01s ls=0
  [836/1080] CMT5 pso_ls time=60 seed=20364: D=1430.6 gap=10.79% evals=1720 60.02s ls=421
  [837/1080] CMT5 ga_ls time=60 seed=20364: D=1442.5 gap=11.71% evals=9021 60.02s ls=2384
  [838/1080] CMT5 sa time=60 seed=20364: D=1961.4 gap=51.90% evals=15510 60.01s ls=0
  [839/1080] CMT5 rr_ls time=60 seed=20364: D=1476.0 gap=14.30% evals=2560 60.01s ls=636
  [840/1080] CMT5 ortools time=60 seed=20364: D=1470.6 gap=13.88% evals=0 59.92s ls=0
  [841/1080] CMT5 qpso time=60 seed=20365: D=1437.0 gap=11.29% evals=1950 60.01s ls=469
  [842/1080] CMT5 ortools time=60 seed=20365: D=1470.6 gap=13.88% evals=0 59.91s ls=0
  [843/1080] CMT5 pso_ls time=60 seed=20365: D=1414.7 gap=9.56% evals=1880 60.01s ls=464
  [844/1080] CMT5 ga_ls time=60 seed=20365: D=1442.9 gap=11.74% evals=10346 60.01s ls=2738
  [845/1080] CMT5 sa time=60 seed=20365: D=1871.5 gap=44.93% evals=17798 60.01s ls=0
  [846/1080] CMT5 rr_ls time=60 seed=20365: D=1480.5 gap=14.66% evals=2960 60.01s ls=737
  [847/1080] CMT5 qpso time=60 seed=20366: D=1467.0 gap=13.61% evals=2081 60.01s ls=511
  [848/1080] CMT5 pso_ls time=60 seed=20366: D=1464.4 gap=13.41% evals=2360 60.01s ls=585
  [849/1080] CMT5 ga_ls time=60 seed=20366: D=1438.4 gap=11.39% evals=10752 60.01s ls=2839
  [850/1080] CMT5 sa time=60 seed=20366: D=1889.6 gap=46.33% evals=18458 60.01s ls=0
  [851/1080] CMT5 rr_ls time=60 seed=20366: D=1481.4 gap=14.72% evals=3000 60.01s ls=743
  [852/1080] CMT5 ortools time=60 seed=20366: D=1470.6 gap=13.88% evals=0 59.91s ls=0
  [853/1080] CMT5 qpso time=60 seed=20367: D=1441.7 gap=11.65% evals=2166 60.02s ls=527
  [854/1080] CMT5 pso_ls time=60 seed=20367: D=1436.0 gap=11.20% evals=2120 60.01s ls=524
  [855/1080] CMT5 ortools time=60 seed=20367: D=1470.6 gap=13.88% evals=0 59.93s ls=0
  [856/1080] CMT5 ga_ls time=60 seed=20367: D=1431.1 gap=10.82% evals=10922 60.02s ls=2889
  [857/1080] CMT5 sa time=60 seed=20367: D=1878.4 gap=45.47% evals=18583 60.01s ls=0
  [858/1080] CMT5 rr_ls time=60 seed=20367: D=1518.9 gap=17.62% evals=3080 60.03s ls=764
  [859/1080] CMT5 qpso time=60 seed=20368: D=1421.7 gap=10.10% evals=2130 60.02s ls=518
  [860/1080] CMT5 pso_ls time=60 seed=20368: D=1428.3 gap=10.61% evals=2360 60.01s ls=579
  [861/1080] CMT5 ga_ls time=60 seed=20368: D=1455.6 gap=12.73% evals=11170 60.01s ls=2950
  [862/1080] CMT5 sa time=60 seed=20368: D=1978.4 gap=53.21% evals=18621 60.01s ls=0
  [863/1080] CMT5 rr_ls time=60 seed=20368: D=1506.2 gap=16.65% evals=3080 60.01s ls=759
  [864/1080] CMT5 ortools time=60 seed=20368: D=1470.6 gap=13.88% evals=0 59.91s ls=0
  [865/1080] CMT5 qpso time=60 seed=20369: D=1421.6 gap=10.09% evals=2013 60.01s ls=492
  [866/1080] CMT5 pso_ls time=60 seed=20369: D=1445.8 gap=11.96% evals=2480 60.02s ls=615
  [867/1080] CMT5 ga_ls time=60 seed=20369: D=1435.7 gap=11.18% evals=11154 60.01s ls=2950
  [868/1080] CMT5 sa time=60 seed=20369: D=1987.4 gap=53.91% evals=18679 60.01s ls=0
  [869/1080] CMT5 rr_ls time=60 seed=20369: D=1445.4 gap=11.93% evals=3040 60.01s ls=751
  [870/1080] CMT5 ortools time=60 seed=20369: D=1470.6 gap=13.88% evals=0 59.91s ls=0
  [871/1080] CMT5 qpso time=60 seed=20370: D=1423.1 gap=10.21% evals=2328 60.01s ls=569
  [872/1080] CMT5 pso_ls time=60 seed=20370: D=1420.8 gap=10.03% evals=2120 60.01s ls=519
  [873/1080] CMT5 ga_ls time=60 seed=20370: D=1430.0 gap=10.74% evals=11251 60.01s ls=2980
  [874/1080] CMT5 sa time=60 seed=20370: D=1887.6 gap=46.18% evals=18809 60.01s ls=0
  [875/1080] CMT5 rr_ls time=60 seed=20370: D=1487.4 gap=15.18% evals=3080 60.01s ls=761
  [876/1080] CMT5 ortools time=60 seed=20370: D=1470.6 gap=13.88% evals=0 59.91s ls=0
  [877/1080] CMT5 pso_ls time=60 seed=20371: D=1416.1 gap=9.67% evals=2240 60.01s ls=556
  [878/1080] CMT5 qpso time=60 seed=20371: D=1441.3 gap=11.62% evals=2160 60.02s ls=527
  [879/1080] CMT5 ga_ls time=60 seed=20371: D=1450.0 gap=12.29% evals=10929 60.01s ls=2889
  [880/1080] CMT5 sa time=60 seed=20371: D=1901.0 gap=47.21% evals=18582 60.01s ls=0
  [881/1080] CMT5 ortools time=60 seed=20371: D=1470.6 gap=13.88% evals=0 59.91s ls=0
  [882/1080] CMT5 rr_ls time=60 seed=20371: D=1475.9 gap=14.29% evals=3000 60.01s ls=747
  [883/1080] CMT5 qpso time=60 seed=20372: D=1458.4 gap=12.94% evals=2040 60.02s ls=505
  [884/1080] CMT5 ga_ls time=60 seed=20372: D=1385.5 gap=7.29% evals=10871 60.01s ls=2879
  [885/1080] CMT5 pso_ls time=60 seed=20372: D=1455.3 gap=12.70% evals=1960 60.01s ls=485
  [886/1080] CMT5 sa time=60 seed=20372: D=1880.1 gap=45.60% evals=18681 60.01s ls=0
  [887/1080] CMT5 rr_ls time=60 seed=20372: D=1464.9 gap=13.45% evals=3080 60.01s ls=766
  [888/1080] CMT5 ortools time=60 seed=20372: D=1470.6 gap=13.88% evals=0 59.91s ls=0
  [889/1080] CMT5 ga_ls time=60 seed=20373: D=1372.0 gap=6.25% evals=10811 60.01s ls=2859
  [890/1080] CMT5 qpso time=60 seed=20373: D=1436.2 gap=11.22% evals=1880 60.01s ls=458
  [891/1080] CMT5 pso_ls time=60 seed=20373: D=1483.2 gap=14.86% evals=2320 60.01s ls=570
  [892/1080] CMT5 sa time=60 seed=20373: D=1967.4 gap=52.36% evals=18812 60.01s ls=0
  [893/1080] CMT5 rr_ls time=60 seed=20373: D=1499.6 gap=16.13% evals=3080 60.01s ls=766
  [894/1080] CMT5 ortools time=60 seed=20373: D=1470.6 gap=13.88% evals=0 59.91s ls=0
  [895/1080] CMT5 pso_ls time=60 seed=20374: D=1456.4 gap=12.78% evals=2440 60.01s ls=598
  [896/1080] CMT5 qpso time=60 seed=20374: D=1438.8 gap=11.43% evals=1960 60.02s ls=478
  [897/1080] CMT5 ga_ls time=60 seed=20374: D=1381.2 gap=6.96% evals=11238 60.01s ls=2970
  [898/1080] CMT5 sa time=60 seed=20374: D=1901.4 gap=47.25% evals=19413 60.01s ls=0
  [899/1080] CMT5 ortools time=60 seed=20374: D=1470.6 gap=13.88% evals=0 59.91s ls=0
  [900/1080] CMT5 rr_ls time=60 seed=20374: D=1511.9 gap=17.09% evals=3120 60.01s ls=778
  [901/1080] X-n101-k25 qpso time=60 seed=21345: D=28253.0 gap=2.40% evals=6823 60.01s ls=1697
  [902/1080] X-n101-k25 pso_ls time=60 seed=21345: D=28202.0 gap=2.21% evals=13760 60.01s ls=3462
  [903/1080] X-n101-k25 ga_ls time=60 seed=21345: D=28872.0 gap=4.64% evals=32644 60.01s ls=8662
  [904/1080] X-n101-k25 rr_ls time=60 seed=21345: D=28432.0 gap=3.05% evals=16200 60.01s ls=4073
  [905/1080] X-n101-k25 ortools time=60 seed=21345: D=29159.0 gap=5.68% evals=0 59.91s ls=0
  [906/1080] X-n101-k25 sa time=60 seed=21345: D=29162.0 gap=5.69% evals=77295 60.00s ls=0
  [907/1080] X-n101-k25 qpso time=60 seed=21346: D=28492.0 gap=3.27% evals=7193 60.01s ls=1772
  [908/1080] X-n101-k25 pso_ls time=60 seed=21346: D=28252.0 gap=2.40% evals=13549 60.01s ls=3404
  [909/1080] X-n101-k25 ga_ls time=60 seed=21346: D=28361.0 gap=2.79% evals=32036 60.01s ls=8505
  [910/1080] X-n101-k25 ortools time=60 seed=21346: D=29159.0 gap=5.68% evals=0 59.91s ls=0
  [911/1080] X-n101-k25 sa time=60 seed=21346: D=29384.0 gap=6.50% evals=77471 60.00s ls=0
  [912/1080] X-n101-k25 rr_ls time=60 seed=21346: D=28469.0 gap=3.18% evals=16000 60.01s ls=4025
  [913/1080] X-n101-k25 qpso time=60 seed=21347: D=28257.0 gap=2.41% evals=7289 60.01s ls=1788
  [914/1080] X-n101-k25 pso_ls time=60 seed=21347: D=28099.0 gap=1.84% evals=14360 60.01s ls=3607
  [915/1080] X-n101-k25 ga_ls time=60 seed=21347: D=28986.0 gap=5.06% evals=31960 60.00s ls=8476
  [916/1080] X-n101-k25 ortools time=60 seed=21347: D=29159.0 gap=5.68% evals=0 59.91s ls=0
  [917/1080] X-n101-k25 rr_ls time=60 seed=21347: D=28602.0 gap=3.66% evals=15998 60.01s ls=4020
  [918/1080] X-n101-k25 sa time=60 seed=21347: D=28680.0 gap=3.95% evals=77558 60.00s ls=0
  [919/1080] X-n101-k25 qpso time=60 seed=21348: D=28408.0 gap=2.96% evals=6214 60.01s ls=1542
  [920/1080] X-n101-k25 pso_ls time=60 seed=21348: D=28297.0 gap=2.56% evals=13360 60.01s ls=3362
  [921/1080] X-n101-k25 ortools time=60 seed=21348: D=29159.0 gap=5.68% evals=0 59.91s ls=0
  [922/1080] X-n101-k25 ga_ls time=60 seed=21348: D=28685.0 gap=3.97% evals=30212 60.00s ls=8019
  [923/1080] X-n101-k25 rr_ls time=60 seed=21348: D=28668.0 gap=3.90% evals=15059 60.00s ls=3788
  [924/1080] X-n101-k25 sa time=60 seed=21348: D=29077.0 gap=5.39% evals=72447 60.01s ls=0
  [925/1080] X-n101-k25 qpso time=60 seed=21349: D=28657.0 gap=3.86% evals=6233 60.01s ls=1540
  [926/1080] X-n101-k25 pso_ls time=60 seed=21349: D=28232.0 gap=2.32% evals=12280 60.01s ls=3086
  [927/1080] X-n101-k25 ga_ls time=60 seed=21349: D=28541.0 gap=3.44% evals=29131 60.01s ls=7727
  [928/1080] X-n101-k25 sa time=60 seed=21349: D=29263.0 gap=6.06% evals=70475 60.00s ls=0
  [929/1080] X-n101-k25 rr_ls time=60 seed=21349: D=28394.0 gap=2.91% evals=14800 60.01s ls=3718
  [930/1080] X-n101-k25 ortools time=60 seed=21349: D=29159.0 gap=5.68% evals=0 59.91s ls=0
  [931/1080] X-n101-k25 qpso time=60 seed=21350: D=28309.0 gap=2.60% evals=6702 60.01s ls=1660
  [932/1080] X-n101-k25 pso_ls time=60 seed=21350: D=28325.0 gap=2.66% evals=12960 60.01s ls=3255
  [933/1080] X-n101-k25 ga_ls time=60 seed=21350: D=28450.0 gap=3.11% evals=30326 60.01s ls=8050
  [934/1080] X-n101-k25 rr_ls time=60 seed=21350: D=28466.0 gap=3.17% evals=15240 60.01s ls=3836
  [935/1080] X-n101-k25 sa time=60 seed=21350: D=29332.0 gap=6.31% evals=72746 60.00s ls=0
  [936/1080] X-n101-k25 ortools time=60 seed=21350: D=29159.0 gap=5.68% evals=0 59.91s ls=0
  [937/1080] X-n101-k25 qpso time=60 seed=21351: D=28478.0 gap=3.21% evals=6678 60.01s ls=1654
  [938/1080] X-n101-k25 pso_ls time=60 seed=21351: D=28170.0 gap=2.10% evals=13000 60.01s ls=3273
  [939/1080] X-n101-k25 ga_ls time=60 seed=21351: D=28222.0 gap=2.29% evals=30934 60.01s ls=8212
  [940/1080] X-n101-k25 sa time=60 seed=21351: D=28245.0 gap=2.37% evals=75670 60.00s ls=0
  [941/1080] X-n101-k25 rr_ls time=60 seed=21351: D=28518.0 gap=3.36% evals=15960 60.01s ls=4011
  [942/1080] X-n101-k25 ortools time=60 seed=21351: D=29159.0 gap=5.68% evals=0 59.91s ls=0
  [943/1080] X-n101-k25 qpso time=60 seed=21352: D=28444.0 gap=3.09% evals=7126 60.01s ls=1765
  [944/1080] X-n101-k25 pso_ls time=60 seed=21352: D=28309.0 gap=2.60% evals=14000 60.01s ls=3525
  [945/1080] X-n101-k25 ga_ls time=60 seed=21352: D=28301.0 gap=2.57% evals=31983 60.01s ls=8484
  [946/1080] X-n101-k25 sa time=60 seed=21352: D=28940.0 gap=4.89% evals=76100 60.01s ls=0
  [947/1080] X-n101-k25 rr_ls time=60 seed=21352: D=28508.0 gap=3.32% evals=15432 60.00s ls=3879
  [948/1080] X-n101-k25 ortools time=60 seed=21352: D=29159.0 gap=5.68% evals=0 59.90s ls=0
  [949/1080] X-n101-k25 qpso time=60 seed=21353: D=28424.0 gap=3.02% evals=6471 60.01s ls=1599
  [950/1080] X-n101-k25 pso_ls time=60 seed=21353: D=28441.0 gap=3.08% evals=12960 60.01s ls=3255
  [951/1080] X-n101-k25 ga_ls time=60 seed=21353: D=29049.0 gap=5.28% evals=30478 60.00s ls=8085
  [952/1080] X-n101-k25 sa time=60 seed=21353: D=29151.0 gap=5.65% evals=72688 60.01s ls=0
  [953/1080] X-n101-k25 rr_ls time=60 seed=21353: D=28565.0 gap=3.53% evals=15360 60.01s ls=3865
  [954/1080] X-n101-k25 ortools time=60 seed=21353: D=29159.0 gap=5.68% evals=0 59.97s ls=0
  [955/1080] X-n101-k25 qpso time=60 seed=21354: D=28208.0 gap=2.24% evals=6202 60.01s ls=1534
  [956/1080] X-n101-k25 pso_ls time=60 seed=21354: D=28227.0 gap=2.31% evals=13630 60.01s ls=3424
  [957/1080] X-n101-k25 ga_ls time=60 seed=21354: D=28938.0 gap=4.88% evals=30060 60.01s ls=7972
  [958/1080] X-n101-k25 sa time=60 seed=21354: D=28691.0 gap=3.99% evals=75807 60.01s ls=0
  [959/1080] X-n101-k25 rr_ls time=60 seed=21354: D=28510.0 gap=3.33% evals=15920 60.01s ls=4009
  [960/1080] X-n101-k25 ortools time=60 seed=21354: D=29159.0 gap=5.68% evals=0 59.91s ls=0
  [961/1080] X-n101-k25 qpso time=60 seed=21355: D=28440.0 gap=3.08% evals=6596 60.02s ls=1642
  [962/1080] X-n101-k25 pso_ls time=60 seed=21355: D=28324.0 gap=2.66% evals=14400 60.01s ls=3620
  [963/1080] X-n101-k25 ga_ls time=60 seed=21355: D=28308.0 gap=2.60% evals=32378 60.00s ls=8589
  [964/1080] X-n101-k25 sa time=60 seed=21355: D=28904.0 gap=4.76% evals=76930 60.00s ls=0
  [965/1080] X-n101-k25 ortools time=60 seed=21355: D=29159.0 gap=5.68% evals=0 59.92s ls=0
  [966/1080] X-n101-k25 rr_ls time=60 seed=21355: D=28651.0 gap=3.84% evals=16120 60.01s ls=4053
  [967/1080] X-n101-k25 qpso time=60 seed=21356: D=28396.0 gap=2.92% evals=6668 60.01s ls=1653
  [968/1080] X-n101-k25 pso_ls time=60 seed=21356: D=28236.0 gap=2.34% evals=13800 60.01s ls=3472
  [969/1080] X-n101-k25 ga_ls time=60 seed=21356: D=28514.0 gap=3.35% evals=32378 60.01s ls=8594
  [970/1080] X-n101-k25 sa time=60 seed=21356: D=28747.0 gap=4.19% evals=77421 60.00s ls=0
  [971/1080] X-n101-k25 rr_ls time=60 seed=21356: D=28569.0 gap=3.54% evals=16040 60.01s ls=4040
  [972/1080] X-n101-k25 ortools time=60 seed=21356: D=29159.0 gap=5.68% evals=0 59.91s ls=0
  [973/1080] X-n101-k25 qpso time=60 seed=21357: D=28484.0 gap=3.24% evals=7210 60.01s ls=1786
  [974/1080] X-n101-k25 pso_ls time=60 seed=21357: D=28280.0 gap=2.50% evals=13720 60.01s ls=3448
  [975/1080] X-n101-k25 ga_ls time=60 seed=21357: D=28162.0 gap=2.07% evals=32311 60.01s ls=8575
  [976/1080] X-n101-k25 sa time=60 seed=21357: D=28896.0 gap=4.73% evals=76796 60.00s ls=0
  [977/1080] X-n101-k25 ortools time=60 seed=21357: D=29159.0 gap=5.68% evals=0 59.91s ls=0
  [978/1080] X-n101-k25 rr_ls time=60 seed=21357: D=28427.0 gap=3.03% evals=16000 60.01s ls=4029
  [979/1080] X-n101-k25 qpso time=60 seed=21358: D=28405.0 gap=2.95% evals=6423 60.01s ls=1590
  [980/1080] X-n101-k25 pso_ls time=60 seed=21358: D=28111.0 gap=1.88% evals=13320 60.01s ls=3351
  [981/1080] X-n101-k25 ga_ls time=60 seed=21358: D=28203.0 gap=2.22% evals=31428 60.00s ls=8337
  [982/1080] X-n101-k25 sa time=60 seed=21358: D=29085.0 gap=5.41% evals=76096 60.00s ls=0
  [983/1080] X-n101-k25 rr_ls time=60 seed=21358: D=28192.0 gap=2.18% evals=15760 60.01s ls=3965
  [984/1080] X-n101-k25 ortools time=60 seed=21358: D=29159.0 gap=5.68% evals=0 59.91s ls=0
  [985/1080] X-n101-k25 qpso time=60 seed=21359: D=28622.0 gap=3.74% evals=6478 60.01s ls=1606
  [986/1080] X-n101-k25 pso_ls time=60 seed=21359: D=28349.0 gap=2.75% evals=14160 60.01s ls=3561
  [987/1080] X-n101-k25 ga_ls time=60 seed=21359: D=28667.0 gap=3.90% evals=31770 60.01s ls=8426
  [988/1080] X-n101-k25 sa time=60 seed=21359: D=29032.0 gap=5.22% evals=75649 60.01s ls=0
  [989/1080] X-n101-k25 rr_ls time=60 seed=21359: D=28554.0 gap=3.49% evals=15760 60.01s ls=3967
  [990/1080] X-n101-k25 ortools time=60 seed=21359: D=29159.0 gap=5.68% evals=0 59.91s ls=0
  [991/1080] X-n101-k25 qpso time=60 seed=21360: D=28400.0 gap=2.93% evals=6209 60.01s ls=1538
  [992/1080] X-n101-k25 pso_ls time=60 seed=21360: D=28400.0 gap=2.93% evals=13240 60.01s ls=3325
  [993/1080] X-n101-k25 ga_ls time=60 seed=21360: D=28442.0 gap=3.08% evals=30250 60.01s ls=8023
  [994/1080] X-n101-k25 sa time=60 seed=21360: D=28961.0 gap=4.97% evals=74066 60.00s ls=0
  [995/1080] X-n101-k25 rr_ls time=60 seed=21360: D=28420.0 gap=3.00% evals=15400 60.01s ls=3877
  [996/1080] X-n101-k25 ortools time=60 seed=21360: D=29159.0 gap=5.68% evals=0 59.91s ls=0
  [997/1080] X-n101-k25 qpso time=60 seed=21361: D=28346.0 gap=2.74% evals=6195 60.01s ls=1536
  [998/1080] X-n101-k25 pso_ls time=60 seed=21361: D=28153.0 gap=2.04% evals=12760 60.01s ls=3203
  [999/1080] X-n101-k25 ga_ls time=60 seed=21361: D=28602.0 gap=3.66% evals=30029 60.00s ls=7969
  [1000/1080] X-n101-k25 rr_ls time=60 seed=21361: D=28295.0 gap=2.55% evals=15000 60.01s ls=3771
  [1001/1080] X-n101-k25 sa time=60 seed=21361: D=28935.0 gap=4.87% evals=72051 60.00s ls=0
  [1002/1080] X-n101-k25 ortools time=60 seed=21361: D=29159.0 gap=5.68% evals=0 59.91s ls=0
  [1003/1080] X-n101-k25 qpso time=60 seed=21362: D=28411.0 gap=2.97% evals=6214 60.01s ls=1538
  [1004/1080] X-n101-k25 pso_ls time=60 seed=21362: D=28271.0 gap=2.46% evals=13440 60.01s ls=3382
  [1005/1080] X-n101-k25 ga_ls time=60 seed=21362: D=28323.0 gap=2.65% evals=30668 60.00s ls=8135
  [1006/1080] X-n101-k25 sa time=60 seed=21362: D=28362.0 gap=2.79% evals=73911 60.00s ls=0
  [1007/1080] X-n101-k25 rr_ls time=60 seed=21362: D=28619.0 gap=3.73% evals=16040 60.01s ls=4034
  [1008/1080] X-n101-k25 ortools time=60 seed=21362: D=29159.0 gap=5.68% evals=0 59.91s ls=0
  [1009/1080] X-n101-k25 qpso time=60 seed=21363: D=28377.0 gap=2.85% evals=6429 60.01s ls=1592
  [1010/1080] X-n101-k25 pso_ls time=60 seed=21363: D=28322.0 gap=2.65% evals=13280 60.01s ls=3335
  [1011/1080] X-n101-k25 ga_ls time=60 seed=21363: D=28153.0 gap=2.04% evals=31721 60.01s ls=8414
  [1012/1080] X-n101-k25 sa time=60 seed=21363: D=29613.0 gap=7.33% evals=77153 60.01s ls=0
  [1013/1080] X-n101-k25 rr_ls time=60 seed=21363: D=28599.0 gap=3.65% evals=16080 60.01s ls=4043
  [1014/1080] X-n101-k25 ortools time=60 seed=21363: D=29159.0 gap=5.68% evals=0 59.91s ls=0
  [1015/1080] X-n101-k25 qpso time=60 seed=21364: D=28249.0 gap=2.38% evals=7194 60.01s ls=1781
  [1016/1080] X-n101-k25 pso_ls time=60 seed=21364: D=28302.0 gap=2.58% evals=14080 60.01s ls=3541
  [1017/1080] X-n101-k25 ga_ls time=60 seed=21364: D=28670.0 gap=3.91% evals=32150 60.01s ls=8533
  [1018/1080] X-n101-k25 sa time=60 seed=21364: D=28949.0 gap=4.92% evals=76114 60.00s ls=0
  [1019/1080] X-n101-k25 rr_ls time=60 seed=21364: D=28445.0 gap=3.10% evals=16120 60.01s ls=4054
  [1020/1080] X-n101-k25 ortools time=60 seed=21364: D=29159.0 gap=5.68% evals=0 59.91s ls=0
  [1021/1080] X-n101-k25 qpso time=60 seed=21365: D=28472.0 gap=3.19% evals=6512 60.01s ls=1616
  [1022/1080] X-n101-k25 pso_ls time=60 seed=21365: D=28140.0 gap=1.99% evals=13760 60.01s ls=3459
  [1023/1080] X-n101-k25 ga_ls time=60 seed=21365: D=28244.0 gap=2.37% evals=32005 60.01s ls=8495
  [1024/1080] X-n101-k25 sa time=60 seed=21365: D=28941.0 gap=4.89% evals=76796 60.00s ls=0
  [1025/1080] X-n101-k25 rr_ls time=60 seed=21365: D=28426.0 gap=3.03% evals=16040 60.00s ls=4034
  [1026/1080] X-n101-k25 ortools time=60 seed=21365: D=29159.0 gap=5.68% evals=0 59.94s ls=0
  [1027/1080] X-n101-k25 qpso time=60 seed=21366: D=28415.0 gap=2.99% evals=7195 60.01s ls=1783
  [1028/1080] X-n101-k25 pso_ls time=60 seed=21366: D=28238.0 gap=2.34% evals=14400 60.01s ls=3620
  [1029/1080] X-n101-k25 ga_ls time=60 seed=21366: D=28310.0 gap=2.61% evals=32112 60.01s ls=8516
  [1030/1080] X-n101-k25 sa time=60 seed=21366: D=28930.0 gap=4.85% evals=76969 60.00s ls=0
  [1031/1080] X-n101-k25 rr_ls time=60 seed=21366: D=28593.0 gap=3.63% evals=16080 60.00s ls=4046
  [1032/1080] X-n101-k25 ortools time=60 seed=21366: D=29159.0 gap=5.68% evals=0 59.91s ls=0
  [1033/1080] X-n101-k25 qpso time=60 seed=21367: D=28529.0 gap=3.40% evals=7263 60.01s ls=1797
  [1034/1080] X-n101-k25 pso_ls time=60 seed=21367: D=28248.0 gap=2.38% evals=13560 60.01s ls=3406
  [1035/1080] X-n101-k25 ga_ls time=60 seed=21367: D=28381.0 gap=2.86% evals=32030 60.00s ls=8495
  [1036/1080] X-n101-k25 sa time=60 seed=21367: D=29122.0 gap=5.55% evals=77524 60.00s ls=0
  [1037/1080] X-n101-k25 rr_ls time=60 seed=21367: D=28550.0 gap=3.48% evals=15960 60.00s ls=4014
  [1038/1080] X-n101-k25 ortools time=60 seed=21367: D=29159.0 gap=5.68% evals=0 59.91s ls=0
  [1039/1080] X-n101-k25 qpso time=60 seed=21368: D=28408.0 gap=2.96% evals=7002 60.01s ls=1728
  [1040/1080] X-n101-k25 pso_ls time=60 seed=21368: D=28357.0 gap=2.78% evals=13440 60.01s ls=3377
  [1041/1080] X-n101-k25 ga_ls time=60 seed=21368: D=28368.0 gap=2.82% evals=31582 60.00s ls=8383
  [1042/1080] X-n101-k25 sa time=60 seed=21368: D=29164.0 gap=5.70% evals=75341 60.00s ls=0
  [1043/1080] X-n101-k25 rr_ls time=60 seed=21368: D=28544.0 gap=3.45% evals=15720 60.01s ls=3955
  [1044/1080] X-n101-k25 ortools time=60 seed=21368: D=29159.0 gap=5.68% evals=0 59.91s ls=0
  [1045/1080] X-n101-k25 qpso time=60 seed=21369: D=28588.0 gap=3.61% evals=6538 60.01s ls=1617
  [1046/1080] X-n101-k25 pso_ls time=60 seed=21369: D=28394.0 gap=2.91% evals=13560 60.01s ls=3407
  [1047/1080] X-n101-k25 ga_ls time=60 seed=21369: D=28379.0 gap=2.86% evals=31317 60.01s ls=8313
  [1048/1080] X-n101-k25 sa time=60 seed=21369: D=29138.0 gap=5.61% evals=75226 60.00s ls=0
  [1049/1080] X-n101-k25 rr_ls time=60 seed=21369: D=28274.0 gap=2.48% evals=15840 60.01s ls=3981
  [1050/1080] X-n101-k25 ortools time=60 seed=21369: D=29159.0 gap=5.68% evals=0 59.91s ls=0
  [1051/1080] X-n101-k25 qpso time=60 seed=21370: D=28455.0 gap=3.13% evals=6755 60.01s ls=1673
  [1052/1080] X-n101-k25 pso_ls time=60 seed=21370: D=28369.0 gap=2.82% evals=13920 60.01s ls=3498
  [1053/1080] X-n101-k25 ga_ls time=60 seed=21370: D=28993.0 gap=5.08% evals=32108 60.00s ls=8515
  [1054/1080] X-n101-k25 sa time=60 seed=21370: D=28771.0 gap=4.28% evals=76397 60.00s ls=0
  [1055/1080] X-n101-k25 rr_ls time=60 seed=21370: D=28129.0 gap=1.95% evals=16000 60.01s ls=4024
  [1056/1080] X-n101-k25 ortools time=60 seed=21370: D=29159.0 gap=5.68% evals=0 59.91s ls=0
  [1057/1080] X-n101-k25 qpso time=60 seed=21371: D=28436.0 gap=3.06% evals=6445 60.01s ls=1600
  [1058/1080] X-n101-k25 pso_ls time=60 seed=21371: D=28238.0 gap=2.34% evals=13840 60.00s ls=3483
  [1059/1080] X-n101-k25 ga_ls time=60 seed=21371: D=28146.0 gap=2.01% evals=31545 60.01s ls=8373
  [1060/1080] X-n101-k25 sa time=60 seed=21371: D=28889.0 gap=4.70% evals=77379 60.00s ls=0
  [1061/1080] X-n101-k25 rr_ls time=60 seed=21371: D=28571.0 gap=3.55% evals=16000 60.01s ls=4027
  [1062/1080] X-n101-k25 ortools time=60 seed=21371: D=29159.0 gap=5.68% evals=0 59.91s ls=0
  [1063/1080] X-n101-k25 qpso time=60 seed=21372: D=28386.0 gap=2.88% evals=7010 60.00s ls=1734
  [1064/1080] X-n101-k25 pso_ls time=60 seed=21372: D=28449.0 gap=3.11% evals=14680 60.01s ls=3693
  [1065/1080] X-n101-k25 ga_ls time=60 seed=21372: D=28381.0 gap=2.86% evals=31370 60.01s ls=8323
  [1066/1080] X-n101-k25 sa time=60 seed=21372: D=28539.0 gap=3.44% evals=75309 60.01s ls=0
  [1067/1080] X-n101-k25 rr_ls time=60 seed=21372: D=28389.0 gap=2.89% evals=15840 60.01s ls=3985
  [1068/1080] X-n101-k25 ortools time=60 seed=21372: D=29159.0 gap=5.68% evals=0 59.91s ls=0
  [1069/1080] X-n101-k25 qpso time=60 seed=21373: D=28627.0 gap=3.75% evals=6653 60.00s ls=1647
  [1070/1080] X-n101-k25 pso_ls time=60 seed=21373: D=28529.0 gap=3.40% evals=14480 60.01s ls=3640
  [1071/1080] X-n101-k25 ga_ls time=60 seed=21373: D=28367.0 gap=2.81% evals=31352 60.00s ls=8323
  [1072/1080] X-n101-k25 sa time=60 seed=21373: D=28785.0 gap=4.33% evals=75735 60.01s ls=0
  [1073/1080] X-n101-k25 rr_ls time=60 seed=21373: D=28485.0 gap=3.24% evals=19080 60.00s ls=4800
  [1074/1080] X-n101-k25 ortools time=60 seed=21373: D=29159.0 gap=5.68% evals=0 59.90s ls=0
  [1075/1080] X-n101-k25 qpso time=60 seed=21374: D=28361.0 gap=2.79% evals=7741 60.00s ls=1924
  [1076/1080] X-n101-k25 pso_ls time=60 seed=21374: D=28346.0 gap=2.74% evals=16360 60.01s ls=4120
  [1077/1080] X-n101-k25 ga_ls time=60 seed=21374: D=28595.0 gap=3.64% evals=37878 60.00s ls=10050
  [1078/1080] X-n101-k25 sa time=60 seed=21374: D=28584.0 gap=3.60% evals=91715 60.00s ls=0
  [1079/1080] X-n101-k25 rr_ls time=60 seed=21374: D=28501.0 gap=3.30% evals=23560 60.00s ls=5937
  [1080/1080] X-n101-k25 ortools time=60 seed=21374: D=29159.0 gap=5.68% evals=0 59.90s ls=0
[bench_core_v1] done in 3988 s
C:\Users\nisha\Quantum-Route-solver\engine\qflux\bench\plots.py:61: RuntimeWarning: All-NaN slice encountered
  med = np.nanmedian(Y, axis=0)
C:\Users\nisha\Quantum-Route\.venv\Lib\site-packages\numpy\lib\_nanfunctions_impl.py:1593: RuntimeWarning: All-NaN slice encountered
  return fnb._ureduce(a,
C:\Users\nisha\Quantum-Route-solver\engine\qflux\bench\plots.py:61: RuntimeWarning: All-NaN slice encountered
  med = np.nanmedian(Y, axis=0)
C:\Users\nisha\Quantum-Route\.venv\Lib\site-packages\numpy\lib\_nanfunctions_impl.py:1593: RuntimeWarning: All-NaN slice encountered
  return fnb._ureduce(a,
C:\Users\nisha\Quantum-Route-solver\engine\qflux\bench\plots.py:61: RuntimeWarning: All-NaN slice encountered
  med = np.nanmedian(Y, axis=0)
C:\Users\nisha\Quantum-Route\.venv\Lib\site-packages\numpy\lib\_nanfunctions_impl.py:1593: RuntimeWarning: All-NaN slice encountered
  return fnb._ureduce(a,
budget_type  budget   instance    algo  runs    D_mean  gap_mean_pct  gap_best_pct  wall_s_mean
       time      30   A-n32-k5 ortools    30   784.000      0.000000      0.000000      29.9053
       time      30   A-n32-k5   ga_ls    30   805.300      2.716840      0.000000      30.0025
       time      30   A-n32-k5    qpso    30   784.000      0.000000      0.000000      30.0050
       time      30   A-n32-k5  pso_ls    30   784.000      0.000000      0.000000      30.0024
       time      30   A-n32-k5   rr_ls    30   784.000      0.000000      0.000000      30.0028
       time      30   A-n32-k5      sa    30   798.400      1.836730      0.000000      30.0027
       time      30   A-n63-k9    qpso    30  1666.930      3.151820      1.113860      30.0047
       time      30   A-n63-k9  pso_ls    30  1649.830      2.093650      0.866337      30.0044
       time      30   A-n63-k9   ga_ls    30  1681.130      4.030530      2.413370      30.0038
       time      30   A-n63-k9      sa    30  1774.470      9.806110      5.074260      30.0034
       time      30   A-n63-k9   rr_ls    30  1679.600      3.935640      2.165840      30.0034
       time      30   A-n63-k9 ortools    30  1737.370      7.510310      7.487620      29.9060
       time      30  A-n80-k10    qpso    30  1857.970      5.386650      1.815090      30.0051
       time      30  A-n80-k10  pso_ls    30  1839.370      4.331630      2.609190      30.0046
       time      30  A-n80-k10   ga_ls    30  1873.530      6.269620      2.212140      30.0043
       time      30  A-n80-k10      sa    30  2024.930     14.857300      9.812820      30.0037
       time      30  A-n80-k10   rr_ls    30  1882.800      6.795240      5.275100      30.0043
       time      30  A-n80-k10 ortools    30  1842.270      4.496120      4.481000      29.9059
       time      30       CMT1    qpso    30   524.639      0.005302      0.000028      30.0037
       time      30       CMT1  pso_ls    30   524.697      0.016370      0.000028      30.0028
       time      30       CMT1   ga_ls    30   544.465      3.784570      0.000028      30.0038
       time      30       CMT1      sa    30   550.781      4.988510      0.869766      30.0037
       time      30       CMT1   rr_ls    30   534.304      1.847600      0.098079      30.0033
       time      30       CMT1 ortools    30   579.926     10.544000     10.544000      29.9064
       time      60       CMT5    qpso    30  1440.530     11.557500      8.576010      60.0239
       time      60       CMT5  pso_ls    30  1440.410     11.548200      9.213310      60.0215
       time      60       CMT5   ga_ls    30  1422.170     10.135800      6.250770      60.0179
       time      60       CMT5      sa    30  1960.400     51.817200     44.934800      60.0225
       time      60       CMT5   rr_ls    30  1483.890     14.915600     11.426600      60.0255
       time      60       CMT5 ortools    30  1470.580     13.884800     13.884800      59.9254
       time      60 X-n101-k25    qpso    30 28424.600      3.021150      2.236240      60.0071
       time      60 X-n101-k25  pso_ls    30 28287.000      2.522560      1.841180      60.0066
       time      60 X-n101-k25   ga_ls    30 28487.100      3.247800      2.011530      60.0054
       time      60 X-n101-k25   rr_ls    30 28478.800      3.217840      1.949910      60.0060
       time      60 X-n101-k25 ortools    30 29159.000      5.683010      5.683010      59.9118
       time      60 X-n101-k25      sa    30 28942.400      4.897970      2.370340      60.0046

wrote:
  C:\Users\nisha\Quantum-Route-solver\results\tables\bench_core_v1_summary.csv
  C:\Users\nisha\Quantum-Route-solver\results\tables\bench_core_v1_wilcoxon.csv
  C:\Users\nisha\Quantum-Route-solver\results\tables\bench_core_v1_friedman.csv
  C:\Users\nisha\Quantum-Route-solver\results\tables\bench_core_v1_meta.json
  C:\Users\nisha\Quantum-Route-solver\results\figures\bench_core_v1_convergence_A-n32-k5_time30.png
  C:\Users\nisha\Quantum-Route-solver\results\figures\bench_core_v1_convergence_A-n63-k9_time30.png
  C:\Users\nisha\Quantum-Route-solver\results\figures\bench_core_v1_convergence_A-n80-k10_time30.png
  C:\Users\nisha\Quantum-Route-solver\results\figures\bench_core_v1_convergence_CMT1_time30.png
  C:\Users\nisha\Quantum-Route-solver\results\figures\bench_core_v1_gap_time30.png
  C:\Users\nisha\Quantum-Route-solver\results\figures\bench_core_v1_convergence_CMT5_time60.png
  C:\Users\nisha\Quantum-Route-solver\results\figures\bench_core_v1_convergence_X-n101-k25_time60.png
  C:\Users\nisha\Quantum-Route-solver\results\figures\bench_core_v1_gap_time60.png
